IP地址,端口,回源端口,TLS,数据中心,地区,城市,TCP延迟(ms),速度(MB/s)
34.118.42.177,443,443,true,FRA,Europe,Frankfurt,199,9.22
35.204.76.81,443,443,true,FRA,Europe,Frankfurt,176,9.22
34.65.236.103,443,443,true,FRA,Europe,Frankfurt,165,9.21
34.90.246.126,443,443,true,FRA,Europe,Frankfurt,177,9.21
34.90.29.94,443,443,true,FRA,Europe,Frankfurt,178,9.19
34.89.153.165,443,443,true,FRA,Europe,Frankfurt,173,9.16
34.141.36.146,443,443,true,AMS,Europe,Amsterdam,172,9.15
34.65.173.134,443,443,true,AMS,Europe,Amsterdam,178,9.12
34.154.45.210,443,443,true,FRA,Europe,Frankfurt,165,9.12
34.65.193.203,443,443,true,FRA,Europe,Frankfurt,179,9.11
34.116.248.189,443,443,true,FRA,Europe,Frankfurt,236,9.10
35.234.163.141,443,443,true,FRA,Europe,Frankfurt,180,9.08
34.91.79.42,443,443,true,AMS,Europe,Amsterdam,184,9.06
34.65.18.221,443,443,true,FRA,Europe,Frankfurt,164,9.05
34.65.148.104,443,443,true,FRA,Europe,Frankfurt,173,9.05
34.65.170.6,443,443,true,FRA,Europe,Frankfurt,177,9.05
34.89.158.195,443,443,true,FRA,Europe,Frankfurt,170,9.04
34.90.18.172,443,443,true,FRA,Europe,Frankfurt,181,9.04
34.65.205.103,443,443,true,FRA,Europe,Frankfurt,176,9.04
34.89.144.176,443,443,true,FRA,Europe,Frankfurt,172,9.03
34.65.253.40,443,443,true,FRA,Europe,Frankfurt,176,9.03
35.226.211.129,443,443,true,ORD,North America,Chicago,217,9.02
34.154.101.110,443,443,true,FRA,Europe,Frankfurt,181,9.01
34.29.228.169,443,443,true,ORD,North America,Chicago,205,9.01
34.123.83.237,443,443,true,ORD,North America,Chicago,214,9.01
34.123.83.237,443,443,true,ORD,North America,Chicago,204,9.01
34.41.252.92,443,443,true,ORD,North America,Chicago,204,9.00
34.41.252.92,443,443,true,ORD,North America,Chicago,205,9.00
35.224.40.99,443,443,true,ORD,North America,Chicago,205,8.99
34.72.146.82,443,443,true,ORD,North America,Chicago,207,8.99
34.130.195.13,443,443,true,YYZ,North America,Toronto,225,8.99
34.65.208.254,443,443,true,FRA,Europe,Frankfurt,177,8.98
34.85.249.51,443,443,true,IAD,North America,Ashburn,237,8.98
34.66.72.229,443,443,true,ORD,North America,Chicago,207,8.98
34.123.83.237,443,443,true,ORD,North America,Chicago,206,8.98
35.232.160.115,443,443,true,ORD,North America,Chicago,205,8.98
34.65.84.132,443,443,true,FRA,Europe,Frankfurt,176,8.97
34.69.150.180,443,443,true,ORD,North America,Chicago,206,8.96
34.34.32.193,443,443,true,FRA,Europe,Frankfurt,181,8.96
34.65.159.16,443,443,true,FRA,Europe,Frankfurt,174,8.96
34.65.198.178,443,443,true,FRA,Europe,Frankfurt,176,8.96
34.34.12.229,443,443,true,FRA,Europe,Frankfurt,178,8.95
35.204.103.176,443,443,true,FRA,Europe,Frankfurt,181,8.95
35.199.37.84,443,443,true,IAD,North America,Ashburn,210,8.95
34.122.12.237,443,443,true,ORD,North America,Chicago,205,8.95
34.145.145.76,443,443,true,IAD,North America,Ashburn,256,8.95
34.65.206.244,443,443,true,FRA,Europe,Frankfurt,179,8.93
34.69.150.180,443,443,true,ORD,North America,Chicago,209,8.93
34.89.128.165,443,443,true,FRA,Europe,Frankfurt,187,8.91
34.69.150.180,443,443,true,ORD,North America,Chicago,206,8.91
34.65.111.146,443,443,true,FRA,Europe,Frankfurt,174,8.90
34.122.12.237,443,443,true,ORD,North America,Chicago,207,8.88
34.154.20.63,443,443,true,CDG,Europe,Paris,180,8.88
34.65.101.209,443,443,true,EWR,North America,Newark,197,8.88
34.65.208.254,443,443,true,FRA,Europe,Frankfurt,174,8.87
34.141.60.8,443,443,true,FRA,Europe,Frankfurt,185,8.87
34.65.235.13,443,443,true,AMS,Europe,Amsterdam,182,8.87
34.107.116.111,443,443,true,FRA,Europe,Frankfurt,241,8.86
34.145.145.76,443,443,true,IAD,North America,Ashburn,331,8.86
34.65.235.63,443,443,true,FRA,Europe,Frankfurt,176,8.84
34.116.158.172,443,443,true,FRA,Europe,Frankfurt,248,8.83
34.90.41.188,443,443,true,FRA,Europe,Frankfurt,184,8.83
34.65.151.47,443,443,true,FRA,Europe,Frankfurt,185,8.83
34.141.107.242,443,443,true,FRA,Europe,Frankfurt,172,8.83
34.122.12.237,443,443,true,ORD,North America,Chicago,271,8.82
34.90.199.90,443,443,true,FRA,Europe,Frankfurt,244,8.82
34.65.244.200,443,443,true,FRA,Europe,Frankfurt,176,8.81
34.90.199.90,443,443,true,FRA,Europe,Frankfurt,176,8.80
34.89.128.165,443,443,true,FRA,Europe,Frankfurt,172,8.79
34.89.190.224,443,443,true,FRA,Europe,Frankfurt,179,8.77
34.85.249.51,443,443,true,IAD,North America,Ashburn,233,8.77
34.65.111.146,443,443,true,FRA,Europe,Frankfurt,179,8.76
34.154.248.246,443,0,true,FRA,Europe,Frankfurt,186,8.75
35.204.211.243,443,443,true,FRA,Europe,Frankfurt,179,8.73
34.118.122.213,443,443,true,AMS,Europe,Amsterdam,190,8.71
34.154.73.4,443,443,true,CDG,Europe,Paris,181,8.70
34.118.78.27,443,443,true,FRA,Europe,Frankfurt,191,8.69
34.118.82.175,443,443,true,FRA,Europe,Frankfurt,194,8.67
34.89.215.58,443,443,true,FRA,Europe,Frankfurt,170,8.63
34.147.53.185,443,443,true,FRA,Europe,Frankfurt,183,8.62
34.65.75.131,443,443,true,FRA,Europe,Frankfurt,176,8.60
34.116.149.184,443,443,true,FRA,Europe,Frankfurt,272,8.59
34.90.29.94,443,443,true,FRA,Europe,Frankfurt,181,8.58
34.85.249.51,443,443,true,IAD,North America,Ashburn,212,8.58
34.91.79.42,443,443,true,AMS,Europe,Amsterdam,178,8.57
34.89.215.58,443,443,true,FRA,Europe,Frankfurt,172,8.55
34.116.242.142,443,443,true,FRA,Europe,Frankfurt,201,8.54
34.65.235.63,443,443,true,FRA,Europe,Frankfurt,175,8.53
34.65.214.126,443,443,true,FRA,Europe,Frankfurt,174,8.53
34.159.252.38,443,443,true,FRA,Europe,Frankfurt,169,8.53
34.65.221.128,443,443,true,AMS,Europe,Amsterdam,175,8.52
34.65.235.13,443,443,true,FRA,Europe,Frankfurt,175,8.52
34.118.11.48,443,443,true,FRA,Europe,Frankfurt,278,8.51
34.141.146.222,443,443,true,AMS,Europe,Amsterdam,179,8.51
35.232.39.116,80,80,false,DFW,North America,Dallas,205,8.50
35.204.98.109,443,443,true,FRA,Europe,Frankfurt,178,8.50
34.65.51.65,443,443,true,FRA,Europe,Frankfurt,175,8.50
34.65.219.21,443,443,true,FRA,Europe,Frankfurt,193,8.49
34.90.199.90,443,443,true,FRA,Europe,Frankfurt,176,8.49
34.65.238.78,443,443,true,FRA,Europe,Frankfurt,169,8.48
34.32.145.169,443,443,true,AMS,Europe,Amsterdam,179,8.47
34.89.190.224,443,443,true,FRA,Europe,Frankfurt,181,8.45
35.190.152.145,443,443,true,ATL,North America,Atlanta,218,8.44
34.89.241.45,443,443,true,FRA,Europe,Frankfurt,164,8.43
34.65.41.218,443,443,true,FRA,Europe,Frankfurt,182,8.43
34.72.146.82,443,443,true,ORD,North America,Chicago,205,8.42
34.34.40.79,443,443,true,FRA,Europe,Frankfurt,181,8.41
34.91.35.109,443,443,true,FRA,Europe,Frankfurt,182,8.41
34.118.11.220,443,443,true,FRA,Europe,Frankfurt,185,8.40
35.204.195.174,443,443,true,FRA,Europe,Frankfurt,175,8.40
34.74.105.17,80,8080,false,ATL,North America,Atlanta,218,8.37
34.91.66.231,443,443,true,FRA,Europe,Frankfurt,178,8.34
34.91.230.226,443,443,true,FRA,Europe,Frankfurt,176,8.33
34.141.191.17,443,443,true,FRA,Europe,Frankfurt,178,8.33
34.116.238.23,443,443,true,FRA,Europe,Frankfurt,256,8.32
34.147.32.107,443,443,true,FRA,Europe,Frankfurt,179,8.32
34.141.149.198,443,443,true,FRA,Europe,Frankfurt,181,8.31
34.65.177.164,443,443,true,FRA,Europe,Frankfurt,174,8.30
34.118.30.198,443,443,true,FRA,Europe,Frankfurt,185,8.30
34.65.170.6,443,443,true,FRA,Europe,Frankfurt,175,8.29
34.118.17.47,443,443,true,AMS,Europe,Amsterdam,196,8.28
34.65.206.244,443,443,true,FRA,Europe,Frankfurt,185,8.27
34.66.72.229,443,443,true,ORD,North America,Chicago,205,8.27
34.116.175.99,443,443,true,FRA,Europe,Frankfurt,258,8.26
34.148.187.247,443,443,true,ATL,North America,Atlanta,278,8.26
34.116.243.135,443,443,true,FRA,Europe,Frankfurt,202,8.23
34.65.13.54,443,443,true,FRA,Europe,Frankfurt,178,8.22
34.90.4.9,443,443,true,FRA,Europe,Frankfurt,179,8.22
34.65.213.159,443,443,true,FRA,Europe,Frankfurt,165,8.21
34.89.215.58,443,443,true,FRA,Europe,Frankfurt,169,8.20
34.107.119.161,443,443,true,FRA,Europe,Frankfurt,209,8.20
34.65.159.16,443,443,true,FRA,Europe,Frankfurt,204,8.18
34.66.72.229,443,443,true,ORD,North America,Chicago,207,8.18
35.234.103.173,443,443,true,FRA,Europe,Frankfurt,171,8.17
34.89.128.165,443,443,true,FRA,Europe,Frankfurt,172,8.16
35.204.20.220,443,443,true,FRA,Europe,Frankfurt,181,8.16
34.65.101.209,443,443,true,AMS,Europe,Amsterdam,179,8.16
34.141.243.16,443,443,true,FRA,Europe,Frankfurt,175,8.16
34.107.68.152,443,443,true,FRA,Europe,Frankfurt,169,8.15
34.65.205.103,443,443,true,FRA,Europe,Frankfurt,179,8.14
34.65.206.244,443,443,true,FRA,Europe,Frankfurt,176,8.14
34.65.78.221,443,443,true,AMS,Europe,Amsterdam,178,8.14
34.65.12.109,443,443,true,FRA,Europe,Frankfurt,188,8.14
34.118.100.32,443,443,true,FRA,Europe,Frankfurt,190,8.12
34.65.51.65,443,443,true,FRA,Europe,Frankfurt,184,8.12
34.65.244.200,443,443,true,AMS,Europe,Amsterdam,174,8.12
34.72.146.82,443,443,true,ORD,North America,Chicago,204,8.12
34.159.126.5,443,0,true,FRA,Europe,Frankfurt,181,8.12
34.90.19.236,443,443,true,FRA,Europe,Frankfurt,178,8.11
35.246.240.3,443,443,true,FRA,Europe,Frankfurt,169,8.10
34.65.204.207,443,443,true,EWR,North America,Newark,192,8.10
34.65.212.101,443,443,true,FRA,Europe,Frankfurt,166,8.09
34.65.118.63,443,443,true,FRA,Europe,Frankfurt,181,8.08
34.90.235.70,443,443,true,FRA,Europe,Frankfurt,182,8.04
34.34.32.175,443,443,true,FRA,Europe,Frankfurt,188,8.03
34.116.219.69,443,443,true,FRA,Europe,Frankfurt,191,8.03
34.116.151.54,443,443,true,FRA,Europe,Frankfurt,239,8.01
34.118.44.17,443,443,true,FRA,Europe,Frankfurt,189,8.00
34.65.253.40,443,443,true,FRA,Europe,Frankfurt,179,7.99
34.154.101.147,443,443,true,FRA,Europe,Frankfurt,181,7.99
34.65.106.214,443,443,true,FRA,Europe,Frankfurt,179,7.98
34.90.246.126,443,443,true,FRA,Europe,Frankfurt,177,7.97
34.65.192.195,443,443,true,FRA,Europe,Frankfurt,178,7.97
35.198.121.122,443,443,true,FRA,Europe,Frankfurt,169,7.95
34.65.204.207,443,443,true,EWR,North America,Newark,174,7.95
34.65.41.218,443,443,true,FRA,Europe,Frankfurt,205,7.95
34.107.68.152,443,443,true,CDG,Europe,Paris,238,7.94
34.65.41.218,443,443,true,FRA,Europe,Frankfurt,180,7.94
34.65.253.40,443,443,true,FRA,Europe,Frankfurt,178,7.93
34.141.220.180,443,443,true,FRA,Europe,Frankfurt,178,7.93
35.242.197.5,443,443,true,AMS,Europe,Amsterdam,212,7.92
34.107.116.111,443,443,true,FRA,Europe,Frankfurt,211,7.91
34.65.52.101,443,443,true,AMS,Europe,Amsterdam,179,7.89
34.89.144.176,443,443,true,FRA,Europe,Frankfurt,170,7.89
34.90.4.9,443,443,true,FRA,Europe,Frankfurt,178,7.88
35.246.158.151,443,0,true,FRA,Europe,Frankfurt,189,7.88
34.141.57.63,443,443,true,FRA,Europe,Frankfurt,184,7.87
34.89.190.224,443,443,true,FRA,Europe,Frankfurt,170,7.86
34.65.89.138,443,443,true,FRA,Europe,Frankfurt,186,7.86
34.91.230.226,443,443,true,FRA,Europe,Frankfurt,187,7.85
34.65.41.218,443,443,true,FRA,Europe,Frankfurt,176,7.84
34.65.62.76,443,443,true,FRA,Europe,Frankfurt,174,7.83
34.65.53.217,443,443,true,FRA,Europe,Frankfurt,185,7.82
34.116.231.238,443,443,true,AMS,Europe,Amsterdam,186,7.82
34.65.212.101,443,443,true,AMS,Europe,Amsterdam,163,7.81
34.65.219.21,443,443,true,FRA,Europe,Frankfurt,204,7.81
34.65.52.101,443,443,true,FRA,Europe,Frankfurt,178,7.79
35.204.24.165,443,443,true,FRA,Europe,Frankfurt,175,7.79
34.65.140.94,443,443,true,FRA,Europe,Frankfurt,188,7.78
34.118.95.31,443,443,true,FRA,Europe,Frankfurt,187,7.78
34.91.71.101,443,443,true,FRA,Europe,Frankfurt,178,7.78
34.65.62.76,443,443,true,FRA,Europe,Frankfurt,177,7.77
34.65.84.132,443,443,true,FRA,Europe,Frankfurt,177,7.76
34.65.75.131,443,443,true,FRA,Europe,Frankfurt,176,7.76
34.116.238.23,443,443,true,FRA,Europe,Frankfurt,186,7.75
34.91.177.185,443,443,true,FRA,Europe,Frankfurt,178,7.75
34.65.159.16,443,443,true,FRA,Europe,Frankfurt,187,7.74
34.107.39.178,443,443,true,AMS,Europe,Amsterdam,224,7.73
34.65.41.222,443,443,true,FRA,Europe,Frankfurt,163,7.73
34.89.223.191,443,443,true,AMS,Europe,Amsterdam,172,7.72
34.65.94.94,443,443,true,AMS,Europe,Amsterdam,179,7.72
34.65.189.135,443,443,true,AMS,Europe,Amsterdam,187,7.70
34.65.75.131,443,443,true,FRA,Europe,Frankfurt,174,7.69
34.107.94.79,443,443,true,FRA,Europe,Frankfurt,170,7.67
35.234.166.80,443,443,true,FRA,Europe,Frankfurt,182,7.66
34.116.231.238,443,443,true,CDG,Europe,Paris,264,7.66
34.90.26.199,443,443,true,FRA,Europe,Frankfurt,161,7.65
34.65.192.195,443,443,true,FRA,Europe,Frankfurt,175,7.62
34.65.203.90,443,443,true,FRA,Europe,Frankfurt,177,7.61
34.65.41.157,443,443,true,FRA,Europe,Frankfurt,166,7.61
34.90.30.195,8080,80,false,AMS,Europe,Amsterdam,164,7.60
34.65.62.172,443,443,true,FRA,Europe,Frankfurt,176,7.58
34.65.198.178,443,443,true,FRA,Europe,Frankfurt,179,7.58
34.65.196.170,443,443,true,AMS,Europe,Amsterdam,179,7.57
34.65.212.101,443,443,true,AMS,Europe,Amsterdam,172,7.55
34.141.37.198,443,443,true,FRA,Europe,Frankfurt,175,7.54
34.65.198.73,443,443,true,FRA,Europe,Frankfurt,165,7.54
34.65.177.164,443,443,true,FRA,Europe,Frankfurt,174,7.54
34.65.177.1,443,443,true,AMS,Europe,Amsterdam,174,7.53
34.65.97.68,443,443,true,FRA,Europe,Frankfurt,163,7.50
34.65.151.47,443,443,true,FRA,Europe,Frankfurt,177,7.49
34.65.239.183,443,443,true,FRA,Europe,Frankfurt,176,7.49
34.118.3.118,443,443,true,FRA,Europe,Frankfurt,189,7.47
34.65.247.160,443,443,true,FRA,Europe,Frankfurt,185,7.47
34.65.204.207,443,443,true,AMS,Europe,Amsterdam,175,7.46
34.34.9.157,443,443,true,FRA,Europe,Frankfurt,181,7.45
34.90.3.83,443,443,true,FRA,Europe,Frankfurt,163,7.43
34.116.205.19,443,443,true,FRA,Europe,Frankfurt,183,7.42
34.65.130.144,443,443,true,FRA,Europe,Frankfurt,176,7.42
34.65.112.113,443,443,true,FRA,Europe,Frankfurt,180,7.41
34.90.26.199,443,443,true,FRA,Europe,Frankfurt,163,7.40
34.34.186.205,443,443,true,CDG,Europe,Paris,230,7.39
34.107.94.79,443,443,true,FRA,Europe,Frankfurt,194,7.38
34.107.116.111,443,443,true,FRA,Europe,Frankfurt,181,7.38
34.32.174.17,443,443,true,FRA,Europe,Frankfurt,164,7.37
34.65.13.54,443,443,true,FRA,Europe,Frankfurt,189,7.34
34.118.17.152,443,443,true,FRA,Europe,Frankfurt,188,7.33
34.89.241.45,443,443,true,FRA,Europe,Frankfurt,179,7.32
34.90.4.9,443,443,true,FRA,Europe,Frankfurt,175,7.32
34.107.119.161,443,443,true,FRA,Europe,Frankfurt,176,7.30
34.154.24.239,443,443,true,FRA,Europe,Frankfurt,172,7.28
34.91.71.101,443,443,true,FRA,Europe,Frankfurt,179,7.25
34.65.79.169,443,443,true,FRA,Europe,Frankfurt,176,7.25
34.116.141.3,443,443,true,FRA,Europe,Frankfurt,256,7.24
34.65.244.68,443,443,true,FRA,Europe,Frankfurt,164,7.24
34.116.239.18,443,443,true,FRA,Europe,Frankfurt,192,7.24
34.90.18.172,443,443,true,AMS,Europe,Amsterdam,178,7.21
34.107.119.161,443,443,true,FRA,Europe,Frankfurt,189,7.18
34.90.41.188,443,443,true,FRA,Europe,Frankfurt,183,7.18
34.65.192.195,443,443,true,FRA,Europe,Frankfurt,175,7.17
34.65.194.209,443,443,true,FRA,Europe,Frankfurt,165,7.16
34.90.18.172,443,443,true,AMS,Europe,Amsterdam,181,7.15
34.65.196.170,443,443,true,FRA,Europe,Frankfurt,176,7.14
34.65.219.21,443,443,true,FRA,Europe,Frankfurt,174,7.13
34.65.18.221,443,443,true,FRA,Europe,Frankfurt,178,7.12
34.65.78.31,443,443,true,FRA,Europe,Frankfurt,212,7.11
34.147.63.51,443,443,true,FRA,Europe,Frankfurt,171,7.11
34.65.238.78,443,443,true,FRA,Europe,Frankfurt,166,7.09
34.116.242.219,443,443,true,FRA,Europe,Frankfurt,190,7.08
34.116.196.218,443,443,true,FRA,Europe,Frankfurt,187,7.04
34.34.186.205,443,443,true,CDG,Europe,Paris,231,7.03
34.107.94.79,443,443,true,FRA,Europe,Frankfurt,218,6.99
34.65.235.13,443,443,true,FRA,Europe,Frankfurt,197,6.98
34.65.62.133,443,443,true,FRA,Europe,Frankfurt,175,6.95
34.65.235.13,443,443,true,FRA,Europe,Frankfurt,177,6.94
34.90.26.199,443,443,true,FRA,Europe,Frankfurt,171,6.93
34.65.70.183,443,443,true,FRA,Europe,Frankfurt,178,6.91
34.65.244.35,443,443,true,FRA,Europe,Frankfurt,177,6.91
34.116.179.241,443,443,true,FRA,Europe,Frankfurt,317,6.83
34.65.193.203,443,443,true,AMS,Europe,Amsterdam,177,6.82
34.65.62.172,443,443,true,AMS,Europe,Amsterdam,177,6.79
34.32.170.9,443,443,true,FRA,Europe,Frankfurt,162,6.78
34.65.32.250,443,443,true,FRA,Europe,Frankfurt,176,6.78
34.65.79.169,443,443,true,FRA,Europe,Frankfurt,177,6.72
34.65.213.159,443,443,true,FRA,Europe,Frankfurt,163,6.72
34.65.142.228,443,443,true,FRA,Europe,Frankfurt,191,6.72
34.34.9.67,443,443,true,FRA,Europe,Frankfurt,162,6.72
34.65.248.147,443,443,true,FRA,Europe,Frankfurt,182,6.72
34.65.238.241,443,443,true,FRA,Europe,Frankfurt,176,6.71
34.118.121.202,443,443,true,FRA,Europe,Frankfurt,186,6.70
34.118.62.37,443,443,true,FRA,Europe,Frankfurt,195,6.69
34.90.19.236,443,443,true,FRA,Europe,Frankfurt,174,6.68
34.65.241.180,443,443,true,AMS,Europe,Amsterdam,166,6.68
34.65.213.174,443,443,true,CDG,Europe,Paris,162,6.67
34.65.111.127,443,443,true,FRA,Europe,Frankfurt,163,6.63
34.118.18.2,443,443,true,FRA,Europe,Frankfurt,188,6.62
34.34.9.67,443,443,true,FRA,Europe,Frankfurt,171,6.62
34.65.52.101,443,443,true,FRA,Europe,Frankfurt,177,6.61
34.65.118.63,443,443,true,FRA,Europe,Frankfurt,176,6.60
34.91.66.231,443,443,true,FRA,Europe,Frankfurt,184,6.58
34.65.110.108,443,443,true,FRA,Europe,Frankfurt,176,6.58
34.65.205.103,443,443,true,FRA,Europe,Frankfurt,184,6.57
34.154.71.10,443,443,true,FRA,Europe,Frankfurt,165,6.56
34.118.114.236,443,443,true,FRA,Europe,Frankfurt,189,6.56
34.65.140.94,443,443,true,FRA,Europe,Frankfurt,174,6.55
34.65.68.41,443,443,true,FRA,Europe,Frankfurt,179,6.54
34.65.244.200,443,443,true,FRA,Europe,Frankfurt,179,6.53
34.65.111.146,443,443,true,FRA,Europe,Frankfurt,179,6.53
34.65.239.183,443,443,true,FRA,Europe,Frankfurt,174,6.52
34.65.181.48,443,443,true,FRA,Europe,Frankfurt,188,6.50
34.65.244.200,443,443,true,FRA,Europe,Frankfurt,179,6.48
34.65.193.203,443,443,true,FRA,Europe,Frankfurt,177,6.48
34.65.198.178,443,443,true,FRA,Europe,Frankfurt,179,6.47
34.116.218.15,443,443,true,FRA,Europe,Frankfurt,186,6.46
34.65.238.241,443,443,true,AMS,Europe,Amsterdam,167,6.45
34.65.248.147,443,443,true,FRA,Europe,Frankfurt,194,6.45
34.65.125.44,443,443,true,FRA,Europe,Frankfurt,225,6.45
34.65.198.178,443,443,true,FRA,Europe,Frankfurt,179,6.42
34.116.217.223,443,443,true,FRA,Europe,Frankfurt,222,6.40
34.65.211.8,443,443,true,FRA,Europe,Frankfurt,175,6.39
34.159.101.54,443,443,true,FRA,Europe,Frankfurt,168,6.39
34.65.244.68,443,443,true,CDG,Europe,Paris,175,6.37
34.65.78.221,443,443,true,FRA,Europe,Frankfurt,185,6.33
34.65.16.109,443,443,true,FRA,Europe,Frankfurt,173,6.32
34.118.95.108,443,443,true,FRA,Europe,Frankfurt,185,6.32
34.65.106.214,443,443,true,FRA,Europe,Frankfurt,173,6.32
34.65.41.157,443,443,true,FRA,Europe,Frankfurt,169,6.30
34.116.239.18,443,443,true,FRA,Europe,Frankfurt,253,6.30
34.89.241.45,443,443,true,FRA,Europe,Frankfurt,172,6.26
34.90.88.12,443,443,true,FRA,Europe,Frankfurt,166,6.25
34.65.69.117,443,443,true,FRA,Europe,Frankfurt,179,6.25
34.65.142.228,443,443,true,FRA,Europe,Frankfurt,185,6.24
34.65.18.221,443,443,true,FRA,Europe,Frankfurt,174,6.21
34.118.71.245,443,443,true,FRA,Europe,Frankfurt,190,6.21
34.118.41.188,443,443,true,FRA,Europe,Frankfurt,185,6.18
34.65.181.48,443,443,true,CDG,Europe,Paris,202,6.17
34.65.37.14,443,443,true,FRA,Europe,Frankfurt,176,6.14
34.65.213.159,443,443,true,FRA,Europe,Frankfurt,178,6.12
34.118.114.231,443,443,true,FRA,Europe,Frankfurt,188,6.10
34.65.213.159,443,443,true,FRA,Europe,Frankfurt,170,6.09
34.65.203.90,443,443,true,FRA,Europe,Frankfurt,177,6.09
34.65.79.169,443,443,true,FRA,Europe,Frankfurt,180,6.07
34.65.194.209,443,443,true,FRA,Europe,Frankfurt,177,6.04
34.65.125.44,443,443,true,FRA,Europe,Frankfurt,188,6.04
34.65.62.133,443,443,true,FRA,Europe,Frankfurt,186,6.02
34.65.177.164,443,443,true,FRA,Europe,Frankfurt,176,6.00
34.118.110.34,443,443,true,FRA,Europe,Frankfurt,195,5.98
35.228.140.197,8443,443,true,ARN,Europe,Stockholm,249,5.96
34.154.60.0,443,443,true,FRA,Europe,Frankfurt,185,5.96
34.65.13.54,443,443,true,AMS,Europe,Amsterdam,197,5.96
34.65.41.157,443,443,true,FRA,Europe,Frankfurt,193,5.95
34.90.19.236,443,443,true,FRA,Europe,Frankfurt,178,5.94
34.116.252.45,443,443,true,FRA,Europe,Frankfurt,185,5.93
34.65.223.113,443,443,true,FRA,Europe,Frankfurt,174,5.93
34.65.32.250,443,443,true,FRA,Europe,Frankfurt,174,5.90
34.154.101.92,443,443,true,FRA,Europe,Frankfurt,182,5.86
34.65.89.138,443,443,true,FRA,Europe,Frankfurt,185,5.86
34.116.247.197,443,443,true,FRA,Europe,Frankfurt,174,5.84
34.65.82.210,443,443,true,FRA,Europe,Frankfurt,176,5.83
34.65.214.126,443,443,true,FRA,Europe,Frankfurt,178,5.81
34.65.41.222,443,443,true,FRA,Europe,Frankfurt,177,5.80
34.65.68.41,443,443,true,FRA,Europe,Frankfurt,174,5.79
34.154.184.79,443,443,true,FRA,Europe,Frankfurt,182,5.79
34.118.69.245,443,443,true,FRA,Europe,Frankfurt,193,5.76
34.65.78.31,443,443,true,FRA,Europe,Frankfurt,190,5.74
34.118.99.192,443,443,true,FRA,Europe,Frankfurt,188,5.73
34.65.78.31,443,443,true,FRA,Europe,Frankfurt,178,5.70
34.65.115.78,443,443,true,AMS,Europe,Amsterdam,185,5.70
34.118.15.29,443,443,true,FRA,Europe,Frankfurt,194,5.67
34.118.56.203,443,443,true,FRA,Europe,Frankfurt,189,5.67
34.65.125.44,443,443,true,AMS,Europe,Amsterdam,162,5.67
34.154.19.192,443,443,true,FRA,Europe,Frankfurt,181,5.66
34.154.16.22,443,443,true,FRA,Europe,Frankfurt,179,5.66
34.65.37.14,443,443,true,FRA,Europe,Frankfurt,178,5.66
34.65.84.132,443,443,true,FRA,Europe,Frankfurt,184,5.65
34.65.221.128,443,443,true,FRA,Europe,Frankfurt,176,5.65
34.65.85.165,443,443,true,FRA,Europe,Frankfurt,176,5.64
34.116.198.118,443,443,true,FRA,Europe,Frankfurt,175,5.63
34.118.75.84,443,443,true,FRA,Europe,Frankfurt,187,5.62
34.65.68.41,443,443,true,FRA,Europe,Frankfurt,177,5.58
34.154.233.195,443,443,true,AMS,Europe,Amsterdam,188,5.56
34.118.67.25,443,443,true,FRA,Europe,Frankfurt,188,5.48
34.65.62.172,443,443,true,AMS,Europe,Amsterdam,174,5.46
34.118.106.179,443,443,true,FRA,Europe,Frankfurt,187,5.46
34.65.239.183,443,443,true,FRA,Europe,Frankfurt,175,5.45
34.65.151.47,443,443,true,FRA,Europe,Frankfurt,176,5.44
34.65.213.174,443,443,true,FRA,Europe,Frankfurt,175,5.44
34.105.189.25,443,443,true,LHR,Europe,London,198,5.43
34.65.41.222,443,443,true,FRA,Europe,Frankfurt,175,5.43
34.118.61.152,443,443,true,FRA,Europe,Frankfurt,187,5.43
34.65.177.164,443,443,true,FRA,Europe,Frankfurt,202,5.42
34.65.170.6,443,443,true,FRA,Europe,Frankfurt,184,5.42
34.116.219.69,443,443,true,FRA,Europe,Frankfurt,227,5.41
34.154.154.120,443,443,true,FRA,Europe,Frankfurt,190,5.39
34.65.142.228,443,443,true,FRA,Europe,Frankfurt,177,5.38
34.116.156.226,443,443,true,FRA,Europe,Frankfurt,260,5.37
34.65.198.73,443,443,true,FRA,Europe,Frankfurt,195,5.35
34.65.101.209,443,443,true,AMS,Europe,Amsterdam,177,5.33
34.116.236.156,443,443,true,FRA,Europe,Frankfurt,242,5.33
34.154.27.36,443,443,true,FRA,Europe,Frankfurt,191,5.32
34.154.180.32,443,443,true,FRA,Europe,Frankfurt,162,5.32
34.65.211.8,443,443,true,FRA,Europe,Frankfurt,176,5.31
34.65.142.228,443,443,true,FRA,Europe,Frankfurt,179,5.31
34.65.78.31,443,443,true,FRA,Europe,Frankfurt,178,5.30
34.65.204.207,443,443,true,AMS,Europe,Amsterdam,223,5.28
34.65.151.47,443,443,true,FRA,Europe,Frankfurt,181,5.26
34.118.36.86,443,443,true,FRA,Europe,Frankfurt,254,5.25
34.65.206.244,443,443,true,FRA,Europe,Frankfurt,176,5.25
34.65.37.14,443,443,true,FRA,Europe,Frankfurt,178,5.24
34.65.170.6,443,443,true,FRA,Europe,Frankfurt,176,5.24
34.116.248.189,443,443,true,FRA,Europe,Frankfurt,197,5.23
34.116.188.237,443,443,true,FRA,Europe,Frankfurt,262,5.22
34.154.135.247,443,443,true,FRA,Europe,Frankfurt,186,5.20
34.105.189.25,443,443,true,LHR,Europe,London,170,5.18
34.116.132.57,443,443,true,FRA,Europe,Frankfurt,267,5.17
34.65.32.250,443,443,true,FRA,Europe,Frankfurt,194,5.16
34.65.140.94,443,443,true,FRA,Europe,Frankfurt,188,5.15
34.154.4.212,443,443,true,FRA,Europe,Frankfurt,187,5.15
34.116.196.218,443,443,true,FRA,Europe,Frankfurt,296,5.14
34.154.1.132,443,443,true,FRA,Europe,Frankfurt,198,5.14
34.116.156.196,443,443,true,FRA,Europe,Frankfurt,248,5.13
34.116.137.121,443,443,true,FRA,Europe,Frankfurt,269,5.11
34.118.2.183,443,443,true,FRA,Europe,Frankfurt,252,5.08
34.116.147.75,443,443,true,FRA,Europe,Frankfurt,282,5.08
34.154.206.40,443,443,true,FRA,Europe,Frankfurt,163,5.07
34.154.185.118,443,443,true,FRA,Europe,Frankfurt,200,5.06
34.116.182.5,443,443,true,FRA,Europe,Frankfurt,260,5.03
34.65.192.13,443,443,true,FRA,Europe,Frankfurt,176,5.01
34.65.203.90,443,443,true,FRA,Europe,Frankfurt,178,5.00
34.116.157.236,443,443,true,FRA,Europe,Frankfurt,238,4.99
34.116.166.235,443,443,true,FRA,Europe,Frankfurt,275,4.98
34.65.16.109,443,443,true,AMS,Europe,Amsterdam,176,4.95
34.116.147.228,443,443,true,FRA,Europe,Frankfurt,274,4.94
34.118.11.48,443,443,true,FRA,Europe,Frankfurt,186,4.93
34.105.233.161,443,443,true,LHR,Europe,London,205,4.93
34.105.140.105,443,443,true,LHR,Europe,London,174,4.92
34.118.15.29,443,443,true,FRA,Europe,Frankfurt,277,4.92
34.116.176.165,443,443,true,FRA,Europe,Frankfurt,248,4.89
34.65.62.76,443,443,true,FRA,Europe,Frankfurt,179,4.88
34.116.157.223,443,443,true,FRA,Europe,Frankfurt,257,4.85
34.154.116.167,443,443,true,FRA,Europe,Frankfurt,212,4.84
34.65.75.131,443,443,true,FRA,Europe,Frankfurt,186,4.83
34.116.198.118,443,443,true,FRA,Europe,Frankfurt,268,4.83
34.116.229.139,443,443,true,FRA,Europe,Frankfurt,188,4.79
34.118.40.250,443,443,true,FRA,Europe,Frankfurt,276,4.78
34.118.4.227,443,443,true,FRA,Europe,Frankfurt,282,4.74
34.65.106.214,443,443,true,FRA,Europe,Frankfurt,176,4.73
34.154.159.21,443,443,true,AMS,Europe,Amsterdam,186,4.71
34.116.229.139,443,443,true,FRA,Europe,Frankfurt,259,4.63
34.65.244.68,443,443,true,FRA,Europe,Frankfurt,164,4.59
34.116.159.95,443,443,true,FRA,Europe,Frankfurt,261,4.59
34.118.38.231,443,443,true,FRA,Europe,Frankfurt,176,4.59
34.154.244.243,443,443,true,FRA,Europe,Frankfurt,184,4.55
34.65.192.13,443,443,true,FRA,Europe,Frankfurt,178,4.53
34.154.9.123,443,443,true,FRA,Europe,Frankfurt,181,4.50
34.116.190.191,443,443,true,FRA,Europe,Frankfurt,186,4.50
34.116.247.197,443,443,true,AMS,Europe,Amsterdam,244,4.42
34.116.244.60,443,443,true,FRA,Europe,Frankfurt,276,4.40
34.118.33.236,443,443,true,FRA,Europe,Frankfurt,189,4.37
34.154.93.142,443,443,true,FRA,Europe,Frankfurt,187,4.35
34.65.115.78,443,443,true,AMS,Europe,Amsterdam,185,4.30
34.116.236.156,443,443,true,FRA,Europe,Frankfurt,195,4.29
34.116.218.15,443,443,true,FRA,Europe,Frankfurt,290,4.28
34.154.222.58,443,443,true,FRA,Europe,Frankfurt,180,4.27
34.116.255.53,443,443,true,CDG,Europe,Paris,189,4.27
34.116.195.249,443,443,true,FRA,Europe,Frankfurt,189,4.24
34.118.50.32,443,443,true,AMS,Europe,Amsterdam,186,4.24
34.116.152.33,443,443,true,FRA,Europe,Frankfurt,245,4.23
34.65.32.250,443,443,true,AMS,Europe,Amsterdam,180,4.17
34.116.180.73,443,443,true,FRA,Europe,Frankfurt,333,4.17
34.154.122.73,443,443,true,FRA,Europe,Frankfurt,182,4.14
34.154.142.89,443,443,true,FRA,Europe,Frankfurt,193,4.12
34.118.49.212,443,443,true,CDG,Europe,Paris,186,4.11
34.116.242.219,443,443,true,FRA,Europe,Frankfurt,310,4.11
34.118.21.89,443,443,true,FRA,Europe,Frankfurt,188,4.06
34.116.225.214,443,443,true,AMS,Europe,Amsterdam,200,4.04
34.116.228.159,443,443,true,FRA,Europe,Frankfurt,187,4.03
34.154.41.78,443,443,true,FRA,Europe,Frankfurt,180,4.02
34.154.29.94,443,443,true,FRA,Europe,Frankfurt,178,3.98
34.154.191.87,443,443,true,FRA,Europe,Frankfurt,164,3.97
34.65.97.68,443,443,true,CDG,Europe,Paris,197,3.97
34.116.234.141,443,443,true,AMS,Europe,Amsterdam,269,3.97
34.118.4.227,443,443,true,FRA,Europe,Frankfurt,192,3.97
34.118.50.233,443,443,true,FRA,Europe,Frankfurt,200,3.95
34.65.51.83,443,443,true,FRA,Europe,Frankfurt,172,3.93
34.65.7.101,443,443,true,FRA,Europe,Frankfurt,181,3.90
34.118.111.23,443,443,true,AMS,Europe,Amsterdam,203,3.89
34.116.205.19,443,443,true,FRA,Europe,Frankfurt,283,3.89
34.154.167.156,443,443,true,FRA,Europe,Frankfurt,185,3.88
34.154.155.61,443,443,true,FRA,Europe,Frankfurt,179,3.87
34.154.89.68,443,443,true,FRA,Europe,Frankfurt,192,3.87
34.116.188.237,443,443,true,FRA,Europe,Frankfurt,191,3.86
34.154.93.26,443,443,true,FRA,Europe,Frankfurt,188,3.85
34.118.58.146,443,443,true,FRA,Europe,Frankfurt,203,3.84
34.118.2.183,443,443,true,FRA,Europe,Frankfurt,174,3.83
34.116.190.191,443,443,true,FRA,Europe,Frankfurt,273,3.79
34.118.108.160,443,443,true,FRA,Europe,Frankfurt,193,3.77
34.118.121.61,443,443,true,FRA,Europe,Frankfurt,176,3.76
34.65.51.65,443,443,true,FRA,Europe,Frankfurt,174,3.73
34.116.216.206,443,443,true,FRA,Europe,Frankfurt,195,3.70
34.65.214.126,443,443,true,FRA,Europe,Frankfurt,185,3.66
34.154.201.52,443,443,true,FRA,Europe,Frankfurt,186,3.64
34.154.180.220,443,443,true,FRA,Europe,Frankfurt,205,3.63
34.154.43.250,443,443,true,FRA,Europe,Frankfurt,185,3.63
34.118.70.10,443,443,true,FRA,Europe,Frankfurt,197,3.62
34.118.57.86,443,443,true,FRA,Europe,Frankfurt,174,3.60
34.118.124.90,443,443,true,FRA,Europe,Frankfurt,191,3.56
34.116.234.141,443,443,true,AMS,Europe,Amsterdam,189,3.56
34.118.40.101,443,443,true,FRA,Europe,Frankfurt,240,3.51
34.154.44.96,443,443,true,AMS,Europe,Amsterdam,194,3.50
34.154.126.75,443,443,true,FRA,Europe,Frankfurt,178,3.50
34.65.181.48,443,443,true,FRA,Europe,Frankfurt,176,3.46
34.118.17.47,443,443,true,FRA,Europe,Frankfurt,284,3.43
34.116.243.135,443,443,true,AMS,Europe,Amsterdam,263,3.43
34.154.135.136,443,443,true,FRA,Europe,Frankfurt,179,3.42
34.116.244.60,443,443,true,FRA,Europe,Frankfurt,204,3.39
34.118.121.235,443,443,true,FRA,Europe,Frankfurt,189,3.37
34.154.137.154,443,443,true,FRA,Europe,Frankfurt,200,3.36
34.116.235.211,443,443,true,FRA,Europe,Frankfurt,186,3.36
34.65.192.13,443,443,true,AMS,Europe,Amsterdam,177,3.31
34.154.179.84,443,443,true,FRA,Europe,Frankfurt,180,3.29
34.65.111.127,443,443,true,FRA,Europe,Frankfurt,228,3.28
34.65.189.135,443,443,true,FRA,Europe,Frankfurt,184,3.25
34.65.112.113,443,443,true,FRA,Europe,Frankfurt,188,3.23
34.65.62.172,443,443,true,FRA,Europe,Frankfurt,178,3.22
34.65.130.144,443,443,true,FRA,Europe,Frankfurt,175,3.21
34.154.244.177,443,443,true,FRA,Europe,Frankfurt,184,3.20
34.154.181.215,443,443,true,FRA,Europe,Frankfurt,180,3.14
34.116.195.249,443,443,true,FRA,Europe,Frankfurt,259,3.13
34.154.90.12,443,443,true,FRA,Europe,Frankfurt,182,3.13
34.154.150.103,443,443,true,FRA,Europe,Frankfurt,182,3.11
34.65.239.183,443,443,true,FRA,Europe,Frankfurt,177,3.10
34.118.17.152,443,443,true,FRA,Europe,Frankfurt,263,3.07
34.65.238.241,443,443,true,FRA,Europe,Frankfurt,197,3.01
34.118.78.109,443,443,true,FRA,Europe,Frankfurt,188,2.99
34.141.221.33,2087,80,false,AMS,Europe,Amsterdam,161,2.99
34.118.124.151,443,443,true,AMS,Europe,Amsterdam,191,2.99
34.118.103.187,443,443,true,FRA,Europe,Frankfurt,186,2.98
34.116.255.53,443,443,true,FRA,Europe,Frankfurt,262,2.97
34.154.86.247,443,443,true,FRA,Europe,Frankfurt,218,2.96
34.140.239.154,2096,80,false,CDG,Europe,Paris,165,2.95
34.65.238.241,443,443,true,AMS,Europe,Amsterdam,189,2.93
34.141.248.249,2096,80,false,AMS,Europe,Amsterdam,161,2.93
34.65.62.76,443,443,true,FRA,Europe,Frankfurt,180,2.92
34.118.21.230,443,443,true,FRA,Europe,Frankfurt,201,2.87
34.116.157.238,443,443,true,FRA,Europe,Frankfurt,255,2.86
34.154.68.71,443,443,true,FRA,Europe,Frankfurt,182,2.86
34.65.177.1,443,443,true,AMS,Europe,Amsterdam,179,2.85
34.147.101.117,2087,80,false,AMS,Europe,Amsterdam,161,2.85
34.154.186.32,443,443,true,CDG,Europe,Paris,190,2.85
34.65.51.65,443,443,true,FRA,Europe,Frankfurt,178,2.85
34.65.110.108,443,443,true,FRA,Europe,Frankfurt,196,2.84
34.140.239.154,2082,80,false,CDG,Europe,Paris,164,2.83
34.116.138.163,443,443,true,FRA,Europe,Frankfurt,243,2.82
34.65.70.183,443,443,true,FRA,Europe,Frankfurt,164,2.80
34.118.82.162,443,443,true,FRA,Europe,Frankfurt,200,2.79
34.65.244.68,443,443,true,CDG,Europe,Paris,179,2.78
34.141.221.33,2086,80,false,AMS,Europe,Amsterdam,161,2.78
34.140.239.154,2087,80,false,CDG,Europe,Paris,163,2.78
34.147.101.117,2096,80,false,AMS,Europe,Amsterdam,163,2.77
34.65.13.54,443,443,true,FRA,Europe,Frankfurt,176,2.77
34.140.239.154,2095,80,false,CDG,Europe,Paris,162,2.77
34.141.248.249,2086,80,false,AMS,Europe,Amsterdam,161,2.77
34.140.239.154,2053,80,false,CDG,Europe,Paris,165,2.76
34.140.239.154,2083,80,false,CDG,Europe,Paris,162,2.76
34.65.192.13,443,443,true,FRA,Europe,Frankfurt,182,2.76
34.140.239.154,2086,80,false,CDG,Europe,Paris,163,2.74
34.140.239.154,2052,80,false,CDG,Europe,Paris,164,2.74
34.65.16.109,443,443,true,FRA,Europe,Frankfurt,234,2.73
34.141.221.33,2082,80,false,AMS,Europe,Amsterdam,165,2.71
34.147.101.117,2053,80,false,AMS,Europe,Amsterdam,164,2.69
34.147.101.117,2082,80,false,AMS,Europe,Amsterdam,166,2.69
34.141.248.249,2087,80,false,AMS,Europe,Amsterdam,164,2.68
34.141.248.249,2083,80,false,AMS,Europe,Amsterdam,166,2.67
34.141.221.33,2083,80,false,AMS,Europe,Amsterdam,173,2.67
34.141.248.249,2053,80,false,AMS,Europe,Amsterdam,166,2.65
35.229.161.32,443,443,true,TPE,Asia Pacific,Taipei,42,2.64
34.147.101.117,2086,80,false,AMS,Europe,Amsterdam,168,2.64
34.147.101.117,2083,80,false,AMS,Europe,Amsterdam,165,2.62
34.116.217.223,443,443,true,FRA,Europe,Frankfurt,198,2.62
34.116.157.41,443,443,true,FRA,Europe,Frankfurt,256,2.60
34.65.235.63,443,443,true,FRA,Europe,Frankfurt,184,2.55
34.65.192.195,443,443,true,FRA,Europe,Frankfurt,184,2.54
34.141.221.33,2096,80,false,AMS,Europe,Amsterdam,166,2.53
34.65.12.109,443,443,true,FRA,Europe,Frankfurt,213,2.52
34.141.221.33,2052,80,false,AMS,Europe,Amsterdam,162,2.51
34.141.221.33,2095,80,false,AMS,Europe,Amsterdam,175,2.51
34.147.101.117,2083,0,false,AMS,Europe,Amsterdam,164,2.50
34.147.101.117,2086,80,false,AMS,Europe,Amsterdam,165,2.50
34.141.248.249,2095,80,false,AMS,Europe,Amsterdam,164,2.49
34.141.248.249,2082,80,false,AMS,Europe,Amsterdam,162,2.49
34.147.101.117,2053,80,false,AMS,Europe,Amsterdam,169,2.49
34.147.101.117,2095,80,false,AMS,Europe,Amsterdam,164,2.48
34.65.111.146,443,443,true,FRA,Europe,Frankfurt,204,2.48
34.118.3.118,443,443,true,FRA,Europe,Frankfurt,261,2.48
34.141.221.33,2053,80,false,AMS,Europe,Amsterdam,164,2.47
34.65.41.222,443,443,true,FRA,Europe,Frankfurt,186,2.47
34.141.248.249,2052,80,false,AMS,Europe,Amsterdam,165,2.47
34.65.52.101,443,443,true,FRA,Europe,Frankfurt,217,2.43
34.147.82.194,2053,80,false,AMS,Europe,Amsterdam,161,2.42
34.65.205.103,443,443,true,FRA,Europe,Frankfurt,184,2.41
34.65.125.44,443,443,true,FRA,Europe,Frankfurt,207,2.40
34.65.106.214,443,443,true,FRA,Europe,Frankfurt,182,2.38
34.116.222.145,443,443,true,FRA,Europe,Frankfurt,234,2.38
34.65.189.135,443,443,true,FRA,Europe,Frankfurt,199,2.37
34.65.196.170,443,443,true,FRA,Europe,Frankfurt,180,2.36
34.154.153.45,443,443,true,FRA,Europe,Frankfurt,182,2.36
34.154.184.28,443,443,true,FRA,Europe,Frankfurt,201,2.34
34.65.193.203,443,443,true,FRA,Europe,Frankfurt,228,2.33
34.65.173.134,443,443,true,FRA,Europe,Frankfurt,180,2.31
34.116.181.51,443,443,true,FRA,Europe,Frankfurt,285,2.27
34.65.94.94,443,443,true,FRA,Europe,Frankfurt,198,2.25
34.65.85.165,443,443,true,FRA,Europe,Frankfurt,171,2.15
34.154.46.49,443,443,true,FRA,Europe,Frankfurt,185,2.13
34.65.159.16,443,443,true,FRA,Europe,Frankfurt,175,2.10
34.118.86.176,443,443,true,FRA,Europe,Frankfurt,193,2.06
34.118.36.86,443,443,true,FRA,Europe,Frankfurt,195,1.99
34.65.84.112,443,443,true,FRA,Europe,Frankfurt,190,1.94
34.65.127.249,443,443,true,FRA,Europe,Frankfurt,176,1.89
35.194.241.8,8080,80,false,TPE,Asia Pacific,Taipei,42,1.89
34.116.142.184,443,443,true,AMS,Europe,Amsterdam,249,1.86
34.65.140.94,443,443,true,FRA,Europe,Frankfurt,174,1.86
34.65.194.209,443,443,true,FRA,Europe,Frankfurt,185,1.75
34.65.203.90,443,443,true,FRA,Europe,Frankfurt,187,1.63
34.65.84.132,443,443,true,FRA,Europe,Frankfurt,184,1.62
34.65.79.169,443,443,true,FRA,Europe,Frankfurt,176,1.36
34.65.130.144,443,443,true,FRA,Europe,Frankfurt,177,1.26
34.110.176.152,80,0,false,SIN,Asia Pacific,Singapore,1,0.57
35.200.238.235,443,443,true,BOM,Asia Pacific,Mumbai,275,0.47
35.200.238.235,443,0,true,BOM,Asia Pacific,Mumbai,62,0.39
34.90.30.195,8080,80,false,AMS,Europe,Amsterdam,166,0.25
34.146.45.46,80,0,false,NRT,Asia Pacific,Tokyo,74,0.16
34.120.198.225,80,0,false,SIN,Asia Pacific,Singapore,24,0.12
34.128.66.175,80,0,false,SIN,Asia Pacific,Singapore,16,0.10
34.121.160.133,80,0,false,ORD,North America,Chicago,212,0.06
34.121.160.133,80,0,false,ORD,North America,Chicago,205,0.06
34.134.91.160,80,0,false,ORD,North America,Chicago,205,0.06
34.93.137.35,80,443,false,BOM,Asia Pacific,Mumbai,64,0.06
34.149.68.111,80,0,false,SIN,Asia Pacific,Singapore,17,0.05
35.244.119.6,443,0,true,SYD,Oceania,Sydney,130,0.04
34.92.111.70,80,0,false,HKG,Asia Pacific,Hong Kong,52,0.04
34.144.230.100,80,0,false,SJC,North America,San Jose,29,0.04
34.69.253.52,80,0,false,ORD,North America,Chicago,205,0.04
34.69.253.52,80,0,false,ORD,North America,Chicago,206,0.03
34.128.97.138,80,0,false,SIN,Asia Pacific,Singapore,14,0.03
34.67.161.168,80,0,false,ORD,North America,Chicago,205,0.03
34.69.253.52,80,0,false,ORD,North America,Chicago,206,0.03
34.67.161.168,80,0,false,ORD,North America,Chicago,206,0.03
35.227.246.247,80,0,false,SIN,Asia Pacific,Singapore,4,0.03
34.150.3.141,80,0,false,HKG,Asia Pacific,Hong Kong,84,0.03
34.144.230.100,80,0,false,SJC,North America,San Jose,17,0.03
34.101.196.118,80,0,false,SIN,Asia Pacific,Singapore,24,0.02
35.230.234.174,80,0,false,SIN,Asia Pacific,Singapore,1,0.02
34.111.68.8,80,0,false,SIN,Asia Pacific,Singapore,18,0.02
34.107.208.220,80,0,false,SIN,Asia Pacific,Singapore,15,0.02
34.135.54.87,80,0,false,ORD,North America,Chicago,206,0.02
34.101.196.118,80,0,false,SIN,Asia Pacific,Singapore,33,0.02
34.107.208.220,80,0,false,SIN,Asia Pacific,Singapore,7,0.02
35.192.66.130,80,0,false,ORD,North America,Chicago,205,0.02
35.230.237.32,80,0,false,SIN,Asia Pacific,Singapore,1,0.02
34.121.17.180,80,0,false,ORD,North America,Chicago,217,0.01
34.121.17.180,80,0,false,ORD,North America,Chicago,205,0.01
34.116.211.148,443,0,true,FRA,Europe,Frankfurt,189,0.01
34.116.211.148,443,0,true,FRA,Europe,Frankfurt,269,0.01
34.95.223.251,80,0,false,GRU,South America,São Paulo,460,0.01
34.95.223.251,80,0,false,GRU,South America,São Paulo,315,0.01
34.121.17.180,80,0,false,ORD,North America,Chicago,231,0.01
34.95.223.251,80,0,false,GRU,South America,São Paulo,316,0.01
34.92.228.196,80,80,false,HKG,Asia Pacific,Hong Kong,39,0.01
34.92.228.196,80,80,false,HKG,Asia Pacific,Hong Kong,36,0.01
34.92.228.196,80,80,false,HKG,Asia Pacific,Hong Kong,72,0.01
34.92.228.196,80,80,false,HKG,Asia Pacific,Hong Kong,40,0.01
34.80.141.47,80,80,false,TPE,Asia Pacific,Taipei,49,0.01
34.80.141.47,80,80,false,TPE,Asia Pacific,Taipei,43,0.01
34.80.141.47,80,80,false,TPE,Asia Pacific,Taipei,41,0.01
34.92.228.196,443,443,true,HKG,Asia Pacific,Hong Kong,36,0.01
34.80.141.47,443,443,true,TPE,Asia Pacific,Taipei,43,0.01
34.92.228.196,443,443,true,HKG,Asia Pacific,Hong Kong,39,0.01
34.80.141.47,443,0,true,TPE,Asia Pacific,Taipei,41,0.01
34.92.228.196,443,443,true,HKG,Asia Pacific,Hong Kong,36,0.01
34.92.228.196,443,443,true,HKG,Asia Pacific,Hong Kong,37,0.01
34.80.141.47,443,443,true,TPE,Asia Pacific,Taipei,64,0.01
34.80.141.47,443,443,true,TPE,Asia Pacific,Taipei,71,0.01
34.96.67.175,80,0,false,KUL,Asia Pacific,Kuala Lumpur,31,0.01
35.184.199.202,80,0,false,ORD,North America,Chicago,205,0.01
34.87.17.86,80,0,false,SIN,Asia Pacific,Singapore,3,0.01
34.87.17.86,80,0,false,SIN,Asia Pacific,Singapore,1,0.01
34.96.225.108,8080,0,false,HKG,Asia Pacific,Hong Kong,49,0.01
34.96.225.108,8080,0,false,HKG,Asia Pacific,Hong Kong,37,0.00
34.80.222.234,80,0,false,HKG,Asia Pacific,Hong Kong,148,0.00
34.80.222.234,80,0,false,HKG,Asia Pacific,Hong Kong,46,0.00
34.96.93.19,80,0,false,SIN,Asia Pacific,Singapore,3,0.00
34.96.225.108,8080,0,false,HKG,Asia Pacific,Hong Kong,36,0.00
35.184.27.144,80,0,false,ORD,North America,Chicago,205,0.00
34.92.111.70,80,0,false,HKG,Asia Pacific,Hong Kong,37,0.00
34.120.124.61,80,0,false,SIN,Asia Pacific,Singapore,23,0.00
34.96.93.19,80,0,false,SIN,Asia Pacific,Singapore,49,0.00
34.126.143.153,80,0,false,SIN,Asia Pacific,Singapore,3,0.00
34.126.143.153,80,0,false,SIN,Asia Pacific,Singapore,19,0.00
34.120.124.61,80,0,false,SIN,Asia Pacific,Singapore,8,0.00
35.230.48.122,8080,0,false,SEA,North America,Seattle,155,0.00
34.68.51.16,80,0,false,ORD,North America,Chicago,205,0.00
34.132.254.201,80,0,false,ORD,North America,Chicago,205,0.00
34.68.51.16,80,0,false,ORD,North America,Chicago,206,0.00
34.123.217.194,80,0,false,ORD,North America,Chicago,205,0.00
34.135.13.56,80,0,false,ORD,North America,Chicago,204,0.00
34.123.217.194,80,0,false,ORD,North America,Chicago,205,0.00
34.123.217.194,80,0,false,ORD,North America,Chicago,204,0.00
35.192.46.69,80,0,false,ORD,North America,Chicago,205,0.00
34.120.203.240,80,0,false,SIN,Asia Pacific,Singapore,4,0.00
35.244.140.128,80,0,false,LHR,Europe,London,5,0.00
34.96.67.175,80,0,false,KUL,Asia Pacific,Kuala Lumpur,12,0.00
35.202.7.148,80,0,false,ORD,North America,Chicago,206,0.00
34.140.33.236,80,0,false,CDG,Europe,Paris,226,0.00
34.100.190.34,80,0,false,BOM,Asia Pacific,Mumbai,66,0.00
34.77.233.91,80,0,false,CDG,Europe,Paris,167,0.00
34.77.233.91,80,0,false,CDG,Europe,Paris,162,0.00
34.100.190.34,80,0,false,BOM,Asia Pacific,Mumbai,86,0.00
34.77.233.91,80,0,false,CDG,Europe,Paris,162,0.00
34.77.233.91,80,0,false,CDG,Europe,Paris,165,0.00
34.126.112.176,8080,0,false,SIN,Asia Pacific,Singapore,1,0.00
34.126.112.176,8080,0,false,SIN,Asia Pacific,Singapore,24,0.00
34.100.190.34,80,0,false,BOM,Asia Pacific,Mumbai,64,0.00
35.202.7.148,80,0,false,ORD,North America,Chicago,205,0.00
34.107.201.158,80,0,false,IAD,North America,Ashburn,4,0.00
34.105.123.165,80,0,false,SEA,North America,Seattle,156,0.00
34.107.201.158,80,0,false,IAD,North America,Ashburn,21,0.00
34.120.35.204,80,0,false,IAD,North America,Ashburn,14,0.00
34.105.123.165,80,0,false,SEA,North America,Seattle,163,0.00
34.102.244.136,80,0,false,SIN,Asia Pacific,Singapore,23,0.00
34.105.123.165,80,0,false,SEA,North America,Seattle,156,0.00
34.102.244.136,80,0,false,SIN,Asia Pacific,Singapore,9,0.00
35.220.132.211,8080,0,false,HKG,Asia Pacific,Hong Kong,37,0.00
34.142.184.16,80,0,false,SIN,Asia Pacific,Singapore,2,0.00
34.149.211.118,80,0,false,SIN,Asia Pacific,Singapore,14,0.00
34.111.204.123,80,0,false,SIN,Asia Pacific,Singapore,94,0.00
34.111.204.123,80,0,false,SIN,Asia Pacific,Singapore,22,0.00
34.95.126.8,80,80,false,SIN,Asia Pacific,Singapore,1,0.00
130.211.8.184,80,0,false,SIN,Asia Pacific,Singapore,1,0.00
35.230.236.158,80,0,false,SIN,Asia Pacific,Singapore,1,0.00
34.110.205.106,80,0,false,SIN,Asia Pacific,Singapore,1,0.00
35.227.211.1,80,0,false,SIN,Asia Pacific,Singapore,1,0.00
35.240.165.181,80,0,false,SIN,Asia Pacific,Singapore,2,0.00
34.126.112.176,8080,0,false,SIN,Asia Pacific,Singapore,2,0.00
34.143.203.62,80,0,false,SIN,Asia Pacific,Singapore,2,0.00
35.186.153.145,80,0,false,SIN,Asia Pacific,Singapore,2,0.00
35.244.184.119,80,0,false,SIN,Asia Pacific,Singapore,3,0.00
34.142.170.31,80,0,false,SIN,Asia Pacific,Singapore,3,0.00
34.107.191.120,80,0,false,SIN,Asia Pacific,Singapore,5,0.00
34.120.222.161,80,0,false,SIN,Asia Pacific,Singapore,6,0.00
34.128.84.187,80,0,false,SIN,Asia Pacific,Singapore,14,0.00
34.101.99.100,80,0,false,SIN,Asia Pacific,Singapore,14,0.00
34.107.191.120,80,0,false,SIN,Asia Pacific,Singapore,14,0.00
34.101.99.100,80,0,false,SIN,Asia Pacific,Singapore,15,0.00
34.101.44.165,80,0,false,SIN,Asia Pacific,Singapore,16,0.00
34.101.196.118,80,0,false,SIN,Asia Pacific,Singapore,16,0.00
34.117.11.142,80,0,false,SIN,Asia Pacific,Singapore,19,0.00
34.128.84.187,80,0,false,SIN,Asia Pacific,Singapore,21,0.00
34.101.169.73,80,0,false,CGK,Asia Pacific,Jakarta,26,0.00
34.111.151.28,80,0,false,SIN,Asia Pacific,Singapore,27,0.00
34.110.205.106,80,0,false,SIN,Asia Pacific,Singapore,34,0.00
34.92.111.70,80,0,false,HKG,Asia Pacific,Hong Kong,36,0.00
34.92.111.70,80,0,false,HKG,Asia Pacific,Hong Kong,39,0.00
34.93.79.152,80,0,false,BOM,Asia Pacific,Mumbai,61,0.00
35.200.154.186,443,443,true,BOM,Asia Pacific,Mumbai,62,0.00
34.117.85.196,80,0,false,SIN,Asia Pacific,Singapore,72,0.00
34.84.154.47,80,0,false,NRT,Asia Pacific,Tokyo,96,0.00
34.105.49.234,443,0,true,SEA,North America,Seattle,155,0.00
35.233.172.5,80,0,false,SEA,North America,Seattle,155,0.00
34.83.36.143,80,80,false,SEA,North America,Seattle,155,0.00
34.82.56.108,80,80,false,SEA,North America,Seattle,156,0.00
34.82.56.108,443,80,false,SEA,North America,Seattle,156,0.00
34.83.75.32,443,443,true,SEA,North America,Seattle,156,0.00
34.82.76.253,80,80,false,SEA,North America,Seattle,156,0.00
34.82.56.108,80,80,false,SEA,North America,Seattle,156,0.00
35.233.250.18,80,0,false,SEA,North America,Seattle,156,0.00
34.82.56.108,443,0,false,SEA,North America,Seattle,156,0.00
34.83.36.143,80,80,false,SEA,North America,Seattle,156,0.00
34.82.56.108,443,80,false,SEA,North America,Seattle,157,0.00
34.82.56.108,80,80,false,SEA,North America,Seattle,157,0.00
34.82.56.108,443,80,false,SEA,North America,Seattle,158,0.00
34.141.84.126,80,0,false,FRA,Europe,Frankfurt,158,0.00
34.82.188.91,443,443,true,SEA,North America,Seattle,159,0.00
34.90.26.199,443,443,true,FRA,Europe,Frankfurt,161,0.00
34.105.49.234,443,443,true,SEA,North America,Seattle,162,0.00
34.90.41.188,443,0,true,FRA,Europe,Frankfurt,163,0.00
34.32.206.100,443,443,true,FRA,Europe,Frankfurt,163,0.00
34.125.15.139,80,0,false,LAX,North America,Los Angeles,165,0.00
34.82.188.91,443,443,true,SEA,North America,Seattle,165,0.00
34.89.208.97,443,443,true,FRA,Europe,Frankfurt,167,0.00
34.89.156.87,443,443,true,FRA,Europe,Frankfurt,171,0.00
34.118.56.203,443,0,true,CDG,Europe,Paris,173,0.00
34.116.158.215,443,0,true,FRA,Europe,Frankfurt,174,0.00
34.32.220.33,443,0,true,FRA,Europe,Frankfurt,176,0.00
34.118.75.84,443,0,true,FRA,Europe,Frankfurt,177,0.00
34.90.241.141,443,443,true,FRA,Europe,Frankfurt,178,0.00
34.90.18.172,443,443,true,FRA,Europe,Frankfurt,178,0.00
34.154.45.253,443,0,true,FRA,Europe,Frankfurt,180,0.00
34.90.246.126,443,443,true,FRA,Europe,Frankfurt,182,0.00
34.32.145.169,443,443,true,AMS,Europe,Amsterdam,182,0.00
34.118.119.233,443,443,true,FRA,Europe,Frankfurt,186,0.00
34.118.57.86,443,443,true,FRA,Europe,Frankfurt,186,0.00
34.91.130.108,443,443,true,FRA,Europe,Frankfurt,186,0.00
34.116.151.54,443,443,true,FRA,Europe,Frankfurt,186,0.00
34.116.147.228,443,443,true,AMS,Europe,Amsterdam,187,0.00
34.116.142.184,443,443,true,FRA,Europe,Frankfurt,190,0.00
34.91.35.109,443,443,true,FRA,Europe,Frankfurt,190,0.00
34.118.124.151,443,0,true,EWR,North America,Newark,190,0.00
34.118.110.34,443,443,true,FRA,Europe,Frankfurt,192,0.00
34.70.91.86,443,443,true,ORD,North America,Chicago,205,0.00
35.239.72.131,80,0,false,ORD,North America,Chicago,205,0.00
35.202.7.148,80,0,false,ORD,North America,Chicago,205,0.00
34.105.3.218,443,443,true,SEA,North America,Seattle,205,0.00
34.118.50.32,443,443,true,FRA,Europe,Frankfurt,207,0.00
34.116.159.174,443,443,true,FRA,Europe,Frankfurt,209,0.00
34.150.180.124,443,443,true,IAD,North America,Ashburn,210,0.00
34.150.175.201,443,443,true,IAD,North America,Ashburn,212,0.00
34.74.105.17,80,8080,false,ATL,North America,Atlanta,218,0.00
35.243.254.173,80,0,false,ATL,North America,Atlanta,219,0.00
34.73.111.106,80,0,false,ATL,North America,Atlanta,220,0.00
