ip,port,protocol,title,domain,country,city,link,as_organization
3.35.237.140,443,https,403 Forbidden,,SG,Singapore,https://165.22.99.110,DIGITALOCEAN-ASN
146.56.186.238,443,https,403 Forbidden,,SG,Singapore,https://8.222.244.157,"Alibaba US Technology Co., Ltd."
132.226.230.170,443,https,403 Forbidden,,SG,Singapore,https://8.222.198.109,"Alibaba US Technology Co., Ltd."
193.122.110.118,443,https,403 Forbidden,,SG,Singapore,https://8.222.135.225,"Alibaba US Technology Co., Ltd."
193.122.110.125,443,https,403 Forbidden,,SG,Singapore,https://139.99.91.220,OVH SAS
193.123.224.64,443,https,403 Forbidden,,SG,Singapore,https://47.236.115.223,"Alibaba US Technology Co., Ltd."
138.2.117.20,443,https,403 Forbidden,,SG,Singapore,https://47.236.101.220,"Alibaba US Technology Co., Ltd."
146.56.134.68,443,https,403 Forbidden,,SG,Singapore,https://124.243.151.251,
146.56.129.83,443,https,403 Forbidden,,SG,Singapore,https://47.236.79.168,"Alibaba US Technology Co., Ltd."
193.123.241.77,443,https,403 Forbidden,,SG,Singapore,https://43.134.129.162,"Tencent Building, Kejizhongyi Avenue"
129.154.58.84,443,https,Access Forbidden,,SG,Singapore,https://143.198.208.232,DIGITALOCEAN-ASN
146.56.141.41,443,https,403 Forbidden,,SG,Singapore,https://8.216.129.166,"Alibaba US Technology Co., Ltd."
129.154.60.79,443,https,403 Forbidden,,SG,Singapore,https://45.139.226.32,
146.56.46.162,443,https,403 Forbidden,,SG,Singapore,https://178.128.124.97,DIGITALOCEAN-ASN
146.56.37.233,443,https,403 Forbidden,,SG,Singapore,https://47.236.119.241,"Alibaba US Technology Co., Ltd."
64.110.79.139,443,https,403 Forbidden,,SG,Singapore,https://54.169.126.204,AMAZON-02
144.24.72.26,443,https,403 Forbidden,,SG,Singapore,https://8.219.239.82,"Alibaba US Technology Co., Ltd."
152.67.203.199,443,https,403 Forbidden,,SG,Singapore,https://152.69.214.65,ORACLE-BMC-31898
150.230.254.37,443,https,403 Forbidden,,SG,Singapore,https://52.77.243.31,AMAZON-02
132.226.238.26,443,https,403 Forbidden,,SG,Singapore,https://45.76.146.240,AS-CHOOPA
132.145.84.129,443,https,403 Forbidden,,SG,Singapore,https://54.255.195.46,AMAZON-02
132.145.92.112,443,https,403 Forbidden,,SG,Singapore,https://139.162.54.112,Akamai Connected Cloud
113.198.32.65,443,https,403 Forbidden,,SG,Singapore,https://18.138.254.19,AMAZON-02
123.108.18.18,443,https,403 Forbidden,,SG,Singapore,https://8.219.237.60,"Alibaba US Technology Co., Ltd."
52.79.143.240,443,https,403 Forbidden,,SG,Singapore,https://8.222.163.197,"Alibaba US Technology Co., Ltd."
144.24.94.204,443,https,403 Forbidden,,SG,Singapore,https://8.219.195.56,"Alibaba US Technology Co., Ltd."
193.122.108.223,443,https,403 Forbidden,,SG,Singapore,https://8.219.65.204,"Alibaba US Technology Co., Ltd."
43.155.152.108,443,https,403 Forbidden,,SG,Singapore,https://138.2.89.147,ORACLE-BMC-31898
144.24.94.50,443,https,403 Forbidden,,SG,Singapore,https://138.2.98.103,ORACLE-BMC-31898
103.78.133.164,443,https,403 Forbidden,,SG,Singapore,https://103.248.229.199,
138.2.117.179,443,https,403 Forbidden,,SG,Singapore,https://47.236.93.233,"Alibaba US Technology Co., Ltd."
140.238.12.169,443,https,403 Forbidden,,SG,Singapore,https://143.198.214.185,DIGITALOCEAN-ASN
146.56.167.171,443,https,403 Forbidden,,SG,Singapore,https://103.248.228.138,
130.162.138.165,443,https,403 Forbidden,,SG,Singapore,https://139.59.119.121,DIGITALOCEAN-ASN
150.230.252.48,443,https,403 Forbidden,,SG,Singapore,https://47.245.97.123,"Alibaba US Technology Co., Ltd."
144.24.64.244,443,https,403 Forbidden,,SG,Singapore,https://52.187.126.230,MICROSOFT-CORP-MSN-AS-BLOCK
20.196.88.173,443,https,403 Forbidden,,SG,Singapore,https://8.219.160.67,"Alibaba US Technology Co., Ltd."
45.141.139.93,443,https,403 Forbidden,,SG,Singapore,https://158.178.229.178,ORACLE-BMC-31898
193.122.109.52,443,https,403 Forbidden,,SG,Singapore,https://43.156.224.203,"Tencent Building, Kejizhongyi Avenue"
146.56.169.32,443,https,403 Forbidden,,SG,Singapore,https://8.219.82.120,"Alibaba US Technology Co., Ltd."
158.180.74.240,443,https,403 Forbidden,,SG,Singapore,https://43.128.81.216,"Tencent Building, Kejizhongyi Avenue"
193.123.240.198,443,https,403 Forbidden,,SG,Singapore,https://43.159.44.171,"Tencent Building, Kejizhongyi Avenue"
146.56.146.138,443,https,403 Forbidden,,SG,Singapore,https://168.138.161.209,ORACLE-BMC-31898
144.24.65.56,443,https,403 Forbidden,,SG,Singapore,https://8.222.138.132,"Alibaba US Technology Co., Ltd."
144.24.76.119,443,https,403 Forbidden,,SG,Singapore,https://47.245.101.46,"Alibaba US Technology Co., Ltd."
64.110.78.149,443,https,403 Forbidden,,SG,Singapore,https://45.76.189.70,AS-CHOOPA
130.162.132.157,443,https,403 Forbidden,,SG,Singapore,https://83.229.127.152,
132.226.236.172,443,https,403 Forbidden,,SG,Singapore,https://47.236.156.210,"Alibaba US Technology Co., Ltd."
49.238.236.255,443,https,403 Forbidden,,SG,Singapore,https://8.222.214.97,"Alibaba US Technology Co., Ltd."
152.67.206.69,443,https,403 Forbidden,,SG,Singapore,https://188.166.199.61,DIGITALOCEAN-ASN
193.123.244.41,443,https,403 Forbidden,,SG,Singapore,https://8.222.152.224,"Alibaba US Technology Co., Ltd."
158.180.93.90,443,https,403 Forbidden,,SG,Singapore,https://43.156.241.212,"Tencent Building, Kejizhongyi Avenue"
158.180.90.154,443,https,403 Forbidden,,SG,Singapore,https://8.219.158.234,"Alibaba US Technology Co., Ltd."
146.56.156.80,443,https,403 Forbidden,,SG,Singapore,https://154.82.67.50,MULTA-ASN1
112.196.222.47,443,https,403 Forbidden,,SG,Singapore,https://194.233.78.128,Contabo Asia Private Limited
131.186.26.199,443,https,403 Forbidden,,SG,Singapore,https://158.178.226.170,ORACLE-BMC-31898
61.110.3.92,443,https,403 Forbidden,,SG,Singapore,https://8.219.164.82,"Alibaba US Technology Co., Ltd."
152.69.233.211,443,https,403 Forbidden,,SG,Singapore,https://45.127.34.53,Dromatics Systems Pte Ltd
8.220.220.30,443,https,403 Forbidden,,SG,Singapore,https://8.222.168.152,"Alibaba US Technology Co., Ltd."
144.24.81.114,443,https,403 Forbidden,,SG,Singapore,https://194.233.64.102,Contabo Asia Private Limited
132.145.81.117,443,https,403 Forbidden,,SG,Singapore,https://8.219.220.233,"Alibaba US Technology Co., Ltd."
132.226.229.255,443,https,403 Forbidden,,SG,Singapore,https://8.219.7.100,"Alibaba US Technology Co., Ltd."
152.67.200.200,443,https,403 Forbidden,,SG,Singapore,https://194.233.87.241,Contabo Asia Private Limited
146.56.37.248,443,https,403 Forbidden,,SG,Singapore,https://52.163.51.111,MICROSOFT-CORP-MSN-AS-BLOCK
131.186.17.132,443,https,403 Forbidden,,SG,Singapore,https://8.222.153.74,"Alibaba US Technology Co., Ltd."
138.2.116.24,443,https,403 Forbidden,,SG,Singapore,https://194.156.163.223,"Misaka Network, Inc."
45.135.117.221,443,https,403 Forbidden,,SG,Singapore,https://43.245.198.200,IPTELECOM Global
61.111.247.206,443,https,403 Forbidden,,SG,Singapore,https://8.222.223.188,"Alibaba US Technology Co., Ltd."
144.24.88.64,443,https,403 Forbidden,,SG,Singapore,https://188.166.210.178,DIGITALOCEAN-ASN
132.226.227.184,443,https,403 Forbidden,,SG,Singapore,https://8.219.164.74,"Alibaba US Technology Co., Ltd."
64.110.67.121,443,https,403 Forbidden,,SG,Singapore,https://3.1.114.152,AMAZON-02
20.41.85.255,443,https,403 Forbidden,,SG,Singapore,https://103.140.186.154,EstNOC OY
64.110.88.54,443,https,403 Forbidden,,SG,Singapore,https://103.131.191.161,oneCorp GmbH
144.24.88.107,443,https,403 Forbidden,,SG,Singapore,https://8.219.86.10,"Alibaba US Technology Co., Ltd."
45.141.139.76,443,https,403 Forbidden,,SG,Singapore,https://8.219.250.234,"Alibaba US Technology Co., Ltd."
103.199.103.209,443,https,403 Forbidden,,SG,Singapore,https://13.213.56.226,AMAZON-02
132.145.91.241,443,https,403 Forbidden,,SG,Singapore,https://13.215.189.201,AMAZON-02
49.238.237.255,443,https,403 Forbidden,,SG,Singapore,https://3.1.18.15,AMAZON-02
132.145.88.4,443,https,403 Forbidden,,SG,Singapore,https://54.251.172.32,AMAZON-02
49.238.237.171,443,https,403 Forbidden,,SG,Singapore,https://111.119.243.225,
49.238.237.172,443,https,403 Forbidden,,SG,Singapore,https://52.221.240.19,AMAZON-02
129.154.61.121,443,https,403 Forbidden,,SG,Singapore,https://52.221.26.228,AMAZON-02
146.56.162.68,443,https,403 Forbidden,,SG,Singapore,https://128.199.218.226,DIGITALOCEAN-ASN
61.111.247.109,443,https,403 Forbidden,,SG,Singapore,https://47.236.48.105,"Alibaba US Technology Co., Ltd."
13.209.9.27,443,https,403 Forbidden,,SG,Singapore,https://47.245.86.111,"Alibaba US Technology Co., Ltd."
152.70.244.190,443,https,403 Forbidden,,SG,Singapore,https://168.138.160.240,ORACLE-BMC-31898
129.154.202.193,443,https,403 Forbidden,,SG,Singapore,https://8.219.198.227,"Alibaba US Technology Co., Ltd."
130.162.153.127,443,https,403 Forbidden,,SG,Singapore,https://194.233.83.51,Contabo Asia Private Limited
132.226.18.190,443,https,403 Forbidden,,SG,Singapore,https://43.156.155.111,"Tencent Building, Kejizhongyi Avenue"
146.56.98.45,443,https,403 Forbidden,,SG,Singapore,https://8.222.168.13,"Alibaba US Technology Co., Ltd."
146.56.113.228,443,https,403 Forbidden,,SG,Singapore,https://129.226.153.235,"Tencent Building, Kejizhongyi Avenue"
131.186.31.118,443,https,403 Forbidden,,SG,Singapore,https://8.219.7.4,"Alibaba US Technology Co., Ltd."
129.154.193.7,443,https,403 Forbidden,,SG,Singapore,https://203.24.92.117,Leaseweb Asia Pacific pte. ltd.
158.180.73.189,443,https,403 Forbidden,,SG,Singapore,https://8.222.191.58,"Alibaba US Technology Co., Ltd."
144.24.78.162,443,https,403 Forbidden,,SG,Singapore,https://94.74.85.85,HUAWEI CLOUDS
130.162.145.216,443,https,403 Forbidden,,SG,Singapore,https://138.2.81.17,ORACLE-BMC-31898
144.24.74.51,443,https,403 Forbidden,,SG,Singapore,https://138.2.75.91,ORACLE-BMC-31898
130.162.155.141,443,https,403 Forbidden,,SG,Singapore,https://154.26.132.168,Contabo Asia Private Limited
146.56.148.76,443,https,403 Forbidden,,SG,Singapore,https://168.138.185.140,ORACLE-BMC-31898
138.2.121.114,443,https,403 Forbidden,,SG,Singapore,https://8.222.230.218,"Alibaba US Technology Co., Ltd."
150.230.249.131,443,https,403 Forbidden,,SG,Singapore,https://103.213.247.58,KLAYER
132.226.23.17,443,https,403 Forbidden,,SG,Singapore,https://34.124.244.128,GOOGLE-CLOUD-PLATFORM
49.238.237.3,443,https,403 Forbidden,,SG,Singapore,https://103.248.229.125,
150.230.251.232,443,https,403 Forbidden,,SG,Singapore,https://8.222.186.74,"Alibaba US Technology Co., Ltd."
144.24.85.163,443,https,403 Forbidden,,SG,Singapore,https://138.2.79.156,ORACLE-BMC-31898
13.209.46.202,443,https,403 Forbidden,,SG,Singapore,https://8.222.220.252,"Alibaba US Technology Co., Ltd."
131.186.24.171,443,https,403 Forbidden,,SG,Singapore,https://8.222.223.76,"Alibaba US Technology Co., Ltd."
118.107.57.65,443,https,403 Forbidden,,SG,Singapore,https://8.222.219.249,"Alibaba US Technology Co., Ltd."
130.162.155.114,443,https,403 Forbidden,,SG,Singapore,https://111.119.245.19,
144.24.76.59,443,https,403 Forbidden,,SG,Singapore,https://8.222.222.233,"Alibaba US Technology Co., Ltd."
121.78.28.31,443,https,403 Forbidden,,SG,Singapore,https://8.219.199.62,"Alibaba US Technology Co., Ltd."
64.110.64.108,443,https,403 Forbidden,,SG,Singapore,https://45.32.117.143,AS-CHOOPA
140.238.21.195,443,https,403 Forbidden,,SG,Singapore,https://8.219.251.193,"Alibaba US Technology Co., Ltd."
146.56.155.160,443,https,403 Forbidden,,SG,Singapore,https://8.219.179.70,"Alibaba US Technology Co., Ltd."
146.56.110.57,443,https,403 Forbidden,,SG,Singapore,https://189.1.243.15,
130.162.154.204,443,https,403 Forbidden,,SG,Singapore,https://18.142.243.87,AMAZON-02
130.162.151.136,443,https,403 Forbidden,,SG,Singapore,https://138.2.85.111,ORACLE-BMC-31898
52.141.49.83,443,https,403 Forbidden,,SG,Singapore,https://8.219.229.85,"Alibaba US Technology Co., Ltd."
132.226.171.23,443,https,403 Forbidden,,SG,Singapore,https://50.114.206.81,Canopus It Solutions Pvt Ltd
193.122.103.88,443,https,403 Forbidden,,SG,Singapore,https://194.36.179.5,First Server Limited
158.180.84.165,443,https,403 Forbidden,,SG,Singapore,https://38.47.255.73,FD-298-8796
61.110.28.18,443,https,403 Forbidden,,SG,Singapore,https://213.35.99.101,
210.87.207.239,443,https,403 Forbidden,,SG,Singapore,https://168.138.189.91,ORACLE-BMC-31898
129.154.214.101,443,https,403 Forbidden,,SG,Singapore,https://8.219.8.158,"Alibaba US Technology Co., Ltd."
146.56.42.14,443,https,403 Forbidden,,SG,Singapore,https://52.221.39.100,AMAZON-02
64.110.84.134,443,https,403 Forbidden,,SG,Singapore,https://18.143.64.6,AMAZON-02
152.67.216.9,443,https,403 Forbidden,,SG,Singapore,https://138.2.101.183,ORACLE-BMC-31898
146.56.150.173,443,https,403 Forbidden,,SG,Singapore,https://138.2.65.222,ORACLE-BMC-31898
158.180.72.174,443,https,403 Forbidden,,SG,Singapore,https://52.220.241.119,AMAZON-02
144.24.81.128,443,https,403 Forbidden,,SG,Singapore,https://8.219.184.17,"Alibaba US Technology Co., Ltd."
146.56.169.116,443,https,403 Forbidden,,SG,Singapore,https://47.236.136.203,"Alibaba US Technology Co., Ltd."
152.67.217.51,443,https,403 Forbidden,,SG,Singapore,https://13.250.11.84,AMAZON-02
152.69.235.109,443,https,403 Forbidden,,SG,Singapore,https://52.187.18.82,MICROSOFT-CORP-MSN-AS-BLOCK
64.176.225.235,443,https,403 Forbidden,,SG,Singapore,https://3.1.6.86,AMAZON-02
158.180.91.132,443,https,403 Forbidden,,SG,Singapore,https://18.143.244.44,AMAZON-02
158.180.72.180,443,https,403 Forbidden,,SG,Singapore,https://8.219.123.207,"Alibaba US Technology Co., Ltd."
193.122.98.10,443,https,403 Forbidden,,SG,Singapore,https://103.192.178.75,HostUS
193.123.225.141,443,https,403 Forbidden,,SG,Singapore,https://138.2.105.147,ORACLE-BMC-31898
193.122.119.247,443,https,403 Forbidden,,SG,Singapore,https://103.248.229.32,
193.123.234.217,443,https,403 Forbidden,,SG,Singapore,https://129.150.50.84,ORACLE-BMC-31898
64.110.75.81,443,https,403 Forbidden,,SG,Singapore,https://8.222.151.192,"Alibaba US Technology Co., Ltd."
18.67.51.66,443,https,403 Forbidden,,SG,Singapore,https://47.245.117.121,"Alibaba US Technology Co., Ltd."
158.247.234.111,443,https,403 Forbidden,,SG,Singapore,https://8.219.185.134,"Alibaba US Technology Co., Ltd."
18.64.13.105,443,https,403 Forbidden,,SG,Singapore,https://8.219.151.79,"Alibaba US Technology Co., Ltd."
146.56.169.10,443,https,403 Forbidden,,SG,Singapore,https://8.222.198.84,"Alibaba US Technology Co., Ltd."
130.162.142.71,443,https,403 Forbidden,,SG,Singapore,https://194.156.163.244,"Misaka Network, Inc."
146.56.178.12,443,https,403 Forbidden,,SG,Singapore,https://13.215.185.69,AMAZON-02
49.128.218.33,443,https,403 Forbidden,,SG,Singapore,https://213.35.96.254,
140.238.22.173,443,https,403 Forbidden,,SG,Singapore,https://8.219.85.1,"Alibaba US Technology Co., Ltd."
132.226.237.192,443,https,403 Forbidden,,SG,Singapore,https://159.138.93.254,HUAWEI CLOUDS
130.162.145.133,443,https,403 Forbidden,,SG,Singapore,https://8.222.239.42,"Alibaba US Technology Co., Ltd."
144.24.69.227,443,https,403 Forbidden,,SG,Singapore,https://18.142.138.74,AMAZON-02
131.186.29.158,443,https,403 Forbidden,,SG,Singapore,https://51.79.157.12,OVH SAS
152.69.234.18,443,https,403 Forbidden,,SG,Singapore,https://47.129.43.101,AMAZON-02
158.180.66.142,443,https,403 Forbidden,,SG,Singapore,https://43.156.7.195,"Tencent Building, Kejizhongyi Avenue"
203.231.242.33,443,https,403 Forbidden,,SG,Singapore,https://8.222.130.81,"Alibaba US Technology Co., Ltd."
146.56.40.142,443,https,403 Forbidden,,SG,Singapore,https://52.221.190.156,AMAZON-02
146.56.132.153,443,https,403 Forbidden,,SG,Singapore,https://83.229.121.111,
158.180.67.30,443,https,403 Forbidden,,SG,Singapore,https://168.138.182.212,ORACLE-BMC-31898
146.56.171.101,443,https,403 Forbidden,,SG,Singapore,https://13.250.40.109,AMAZON-02
146.56.110.47,443,https,403 Forbidden,,SG,Singapore,https://43.134.44.29,"Tencent Building, Kejizhongyi Avenue"
146.56.137.220,443,https,403 Forbidden,,SG,Singapore,https://8.222.181.127,"Alibaba US Technology Co., Ltd."
146.56.185.72,443,https,403 Forbidden,,SG,Singapore,https://161.117.248.198,"Alibaba US Technology Co., Ltd."
64.110.80.220,443,https,,,SG,Singapore,https://192.46.230.252,Akamai Connected Cloud
132.226.235.94,443,https,403 Forbidden,,SG,Singapore,https://129.150.53.32,ORACLE-BMC-31898
131.186.21.118,443,https,403 Forbidden,,SG,Singapore,https://101.32.141.89,"Tencent Building, Kejizhongyi Avenue"
130.162.140.242,443,https,403 Forbidden,,SG,Singapore,https://54.169.128.37,AMAZON-02
38.60.220.153,443,https,403 Forbidden,,SG,Singapore,https://54.254.114.197,AMAZON-02
43.200.88.163,443,https,403 Forbidden,,SG,Singapore,https://47.236.106.18,"Alibaba US Technology Co., Ltd."
43.203.73.237,443,https,403 Forbidden,,SG,Singapore,https://47.130.9.13,AMAZON-02
152.67.213.188,443,https,403 Forbidden,,SG,Singapore,https://13.250.120.153,AMAZON-02
152.69.233.32,443,https,403 Forbidden,,SG,Singapore,https://8.219.215.239,"Alibaba US Technology Co., Ltd."
152.70.232.18,443,https,403 Forbidden,,SG,Singapore,https://43.245.198.92,IPTELECOM Global
140.238.18.74,443,https,403 Forbidden,,SG,Singapore,https://13.229.80.135,AMAZON-02
131.186.31.3,443,https,403 Forbidden,,SG,Singapore,https://150.109.9.197,"Tencent Building, Kejizhongyi Avenue"
132.226.233.169,443,https,403 Forbidden,,SG,Singapore,https://138.2.107.0,ORACLE-BMC-31898
138.2.123.180,443,https,403 Forbidden,,SG,Singapore,https://8.219.243.20,"Alibaba US Technology Co., Ltd."
158.180.81.31,443,https,403 Forbidden,,SG,Singapore,https://168.138.164.157,ORACLE-BMC-31898
158.180.86.61,443,https,403 Forbidden,,SG,Singapore,https://18.139.51.61,AMAZON-02
52.231.103.213,443,https,403 Forbidden,,SG,Singapore,https://111.119.250.130,
193.122.126.101,443,https,403 Forbidden,,SG,Singapore,https://103.195.191.217,Dromatics Systems Pte Ltd
54.180.238.201,443,https,403 Forbidden,,SG,Singapore,https://52.74.160.189,AMAZON-02
193.123.253.221,443,https,403 Forbidden,,SG,Singapore,https://8.219.89.30,"Alibaba US Technology Co., Ltd."
158.180.77.96,443,https,403 Forbidden,,SG,Singapore,https://23.98.88.31,MICROSOFT-CORP-MSN-AS-BLOCK
158.180.80.106,443,https,403 Forbidden,,SG,Singapore,https://47.236.184.50,"Alibaba US Technology Co., Ltd."
1.32.216.244,443,https,403 Forbidden,,SG,Singapore,https://213.35.106.83,
130.162.151.238,443,https,403 Forbidden,,SG,Singapore,https://166.108.225.218,
193.123.241.83,443,https,403 Forbidden,,SG,Singapore,https://54.251.140.210,AMAZON-02
140.238.4.67,443,https,403 Forbidden,,SG,Singapore,https://27.106.121.176,
64.110.67.181,443,https,403 Forbidden,,SG,Singapore,https://138.2.105.151,ORACLE-BMC-31898
146.56.132.139,443,https,403 Forbidden,,SG,Singapore,https://47.129.32.209,AMAZON-02
64.110.68.40,443,https,403 Forbidden,,SG,Singapore,https://83.229.121.63,
152.70.252.209,443,https,403 Forbidden,,SG,Singapore,https://34.126.114.212,GOOGLE-CLOUD-PLATFORM
158.180.67.14,443,https,,,SG,Singapore,https://101.44.161.133,HUAWEI CLOUDS
129.154.49.119,443,https,403 Forbidden,,SG,Singapore,https://8.222.141.195,"Alibaba US Technology Co., Ltd."
129.154.51.156,443,https,403 Forbidden,,SG,Singapore,https://8.219.99.196,"Alibaba US Technology Co., Ltd."
146.56.154.191,443,https,403 Forbidden,,SG,Singapore,https://139.99.88.215,OVH SAS
138.2.121.56,443,https,403 Forbidden,,SG,Singapore,https://176.97.64.190,M247 Europe SRL
146.56.46.232,443,https,403 Forbidden,,SG,Singapore,https://206.189.82.244,DIGITALOCEAN-ASN
129.154.205.175,443,https,403 Forbidden,,SG,Singapore,https://103.160.100.209,
138.2.119.167,443,https,403 Forbidden,,SG,Singapore,https://27.106.102.118,
132.226.237.172,443,https,403 Forbidden,,SG,Singapore,https://194.114.138.231,"Misaka Network, Inc."
193.122.99.160,443,https,403 Forbidden,,SG,Singapore,https://8.219.79.88,"Alibaba US Technology Co., Ltd."
131.186.30.65,443,https,403 Forbidden,,SG,Singapore,https://189.1.218.7,
152.67.215.194,443,https,403 Forbidden,,SG,Singapore,https://194.102.181.220,M247 Europe SRL
138.2.125.129,443,https,403 Forbidden,,SG,Singapore,https://124.156.199.213,"Tencent Building, Kejizhongyi Avenue"
132.226.236.93,443,https,403 Forbidden,,SG,Singapore,https://152.69.211.123,ORACLE-BMC-31898
146.56.158.125,443,https,403 Forbidden,,SG,Singapore,https://129.226.211.173,"Tencent Building, Kejizhongyi Avenue"
158.180.71.55,443,https,403 Forbidden,,SG,Singapore,https://47.236.230.152,"Alibaba US Technology Co., Ltd."
103.199.103.244,443,https,403 Forbidden,,SG,Singapore,https://47.245.123.134,"Alibaba US Technology Co., Ltd."
152.69.233.168,443,https,403 Forbidden,,SG,Singapore,https://176.97.64.158,M247 Europe SRL
152.70.245.99,443,https,403 Forbidden,,SG,Singapore,https://111.119.205.54,
183.111.253.174,443,https,403 Forbidden,,SG,Singapore,https://172.105.117.253,Akamai Connected Cloud
210.87.195.18,443,https,403 Forbidden,,SG,Singapore,https://168.138.171.141,ORACLE-BMC-31898
130.162.144.221,443,https,403 Forbidden,,SG,Singapore,https://104.43.57.25,MICROSOFT-CORP-MSN-AS-BLOCK
146.56.176.40,443,https,403 Forbidden,,SG,Singapore,https://128.199.188.174,DIGITALOCEAN-ASN
3.39.238.86,443,https,403 Forbidden,,SG,Singapore,https://8.222.148.244,"Alibaba US Technology Co., Ltd."
144.24.78.160,443,https,403 Forbidden,,SG,Singapore,https://8.219.130.107,"Alibaba US Technology Co., Ltd."
20.190.148.164,443,https,403 Forbidden,,SG,Singapore,https://47.236.160.78,"Alibaba US Technology Co., Ltd."
20.190.144.141,443,https,403 Forbidden,,SG,Singapore,https://168.138.173.212,ORACLE-BMC-31898
158.180.90.2,443,https,403 Forbidden,,SG,Singapore,https://8.219.78.37,"Alibaba US Technology Co., Ltd."
158.180.90.215,443,https,,,SG,Singapore,https://139.162.30.6,Akamai Connected Cloud
20.214.131.176,443,https,403 Forbidden,,SG,Singapore,https://45.76.160.36,AS-CHOOPA
138.2.123.63,443,https,403 Forbidden,,SG,Singapore,https://43.175.226.157,
40.126.16.167,443,https,403 Forbidden,,SG,Singapore,https://194.156.163.167,"Misaka Network, Inc."
20.190.144.143,443,https,403 Forbidden,,SG,Singapore,https://213.35.96.73,
129.154.223.182,443,https,403 Forbidden,,SG,Singapore,https://20.195.24.12,MICROSOFT-CORP-MSN-AS-BLOCK
152.70.39.206,443,https,403 Forbidden,,SG,Singapore,https://34.87.41.10,GOOGLE-CLOUD-PLATFORM
132.226.175.180,443,https,403 Forbidden,,SG,Singapore,https://194.233.79.220,Contabo Asia Private Limited
158.180.74.88,443,https,403 Forbidden,,SG,Singapore,https://139.180.155.36,AS-CHOOPA
146.56.189.193,443,https,403 Forbidden,,SG,Singapore,https://194.233.81.102,Contabo Asia Private Limited
158.180.76.162,443,https,403 Forbidden,,SG,Singapore,https://111.119.248.254,
152.70.254.179,443,https,403 Forbidden,,SG,Singapore,https://194.233.90.59,Contabo Asia Private Limited
193.122.104.145,443,https,403 Forbidden,,SG,Singapore,https://40.65.187.102,MICROSOFT-CORP-MSN-AS-BLOCK
146.56.143.215,443,https,403 Forbidden,,SG,Singapore,https://3.0.18.139,AMAZON-02
130.162.148.155,443,https,403 Forbidden,,SG,Singapore,https://83.229.122.178,
210.87.202.205,443,https,403 Forbidden,,SG,Singapore,https://146.190.108.84,DIGITALOCEAN-ASN
131.186.19.206,443,https,403 Forbidden,,SG,Singapore,https://166.108.232.37,
8.220.220.17,443,https,403 Forbidden,,SG,Singapore,https://13.250.111.108,AMAZON-02
27.102.129.149,443,https,403 Forbidden,,SG,Singapore,https://124.243.134.115,
64.110.80.110,443,https,403 Forbidden,,SG,Singapore,https://8.219.107.130,"Alibaba US Technology Co., Ltd."
61.111.250.39,443,https,403 Forbidden,,SG,Singapore,https://189.1.247.31,
146.56.113.214,,,,,,,,
193.123.246.47,,,,,,,,
146.56.172.100,,,,,,,,
146.56.110.12,,,,,,,,
132.145.93.91,,,,,,,,
129.154.200.161,,,,,,,,
152.70.235.216,,,,,,,,
146.56.170.255,,,,,,,,
158.247.226.27,,,,,,,,
193.123.226.173,,,,,,,,
138.2.126.63,,,,,,,,
138.2.127.132,,,,,,,,
158.180.89.132,,,,,,,,
152.67.217.223,,,,,,,,
158.247.221.174,,,,,,,,
152.70.242.246,,,,,,,,
131.186.25.207,,,,,,,,
129.154.60.204,,,,,,,,
140.238.24.177,,,,,,,,
152.70.239.191,,,,,,,,
131.186.25.42,,,,,,,,
130.162.129.60,,,,,,,,
146.56.166.235,,,,,,,,
152.67.203.76,,,,,,,,
146.56.155.196,,,,,,,,
59.3.3.161,,,,,,,,
146.56.188.143,,,,,,,,
146.56.159.98,,,,,,,,
130.162.129.203,,,,,,,,
146.56.101.148,,,,,,,,
146.56.190.220,,,,,,,,
152.70.242.42,,,,,,,,
152.67.218.7,,,,,,,,
140.238.20.219,,,,,,,,
131.186.28.198,,,,,,,,
144.24.88.28,,,,,,,,
146.56.140.83,,,,,,,,
158.180.93.78,,,,,,,,
64.110.89.0,,,,,,,,
130.162.154.46,,,,,,,,
146.56.144.243,,,,,,,,
146.56.170.121,,,,,,,,
146.56.43.45,,,,,,,,
146.56.39.109,,,,,,,,
138.2.122.75,,,,,,,,
123.140.124.31,,,,,,,,
130.162.149.140,,,,,,,,
129.154.49.174,,,,,,,,
158.180.86.62,,,,,,,,
1.32.216.224,,,,,,,,
49.128.208.12,,,,,,,,
152.70.254.89,,,,,,,,
152.69.230.185,,,,,,,,
158.180.78.248,,,,,,,,
210.87.202.40,,,,,,,,
193.122.123.197,,,,,,,,
64.110.77.47,,,,,,,,
193.122.107.46,,,,,,,,
132.226.229.16,,,,,,,,
193.122.126.36,,,,,,,,
132.145.90.116,,,,,,,,
43.202.191.215,,,,,,,,
34.22.111.228,,,,,,,,
3.34.130.136,,,,,,,,
129.154.198.158,,,,,,,,
130.162.129.187,,,,,,,,
132.226.18.102,,,,,,,,
27.102.112.159,,,,,,,,
64.110.77.64,,,,,,,,
146.56.118.65,,,,,,,,
129.154.200.125,,,,,,,,
129.154.203.125,,,,,,,,
152.70.244.140,,,,,,,,
130.162.158.72,,,,,,,,
64.110.66.91,,,,,,,,
132.226.23.180,,,,,,,,
64.110.73.15,,,,,,,,
152.67.195.57,,,,,,,,
152.70.250.232,,,,,,,,
131.186.30.85,,,,,,,,
138.2.118.252,,,,,,,,
210.87.202.152,,,,,,,,
8.220.213.202,,,,,,,,
158.180.84.183,,,,,,,,
152.70.238.209,,,,,,,,
144.24.90.107,,,,,,,,
158.180.68.47,,,,,,,,
129.154.51.236,,,,,,,,
146.56.134.136,,,,,,,,
144.24.64.111,,,,,,,,
193.123.229.114,,,,,,,,
130.162.158.69,,,,,,,,
103.145.106.221,,,,,,,,
3.35.103.215,,,,,,,,
140.238.4.242,,,,,,,,
158.180.69.77,,,,,,,,
129.154.200.67,,,,,,,,
144.24.87.85,,,,,,,,
210.87.195.79,,,,,,,,
129.154.216.111,,,,,,,,
140.238.31.141,,,,,,,,
131.186.30.207,,,,,,,,
119.207.208.152,,,,,,,,
130.162.139.184,,,,,,,,
193.123.236.194,,,,,,,,
132.226.226.47,,,,,,,,
193.122.111.216,,,,,,,,
140.238.28.86,,,,,,,,
3.39.110.23,,,,,,,,
152.67.203.34,,,,,,,,
183.106.16.64,,,,,,,,
45.141.139.242,,,,,,,,
193.123.229.7,,,,,,,,
193.123.252.126,,,,,,,,
131.186.20.131,,,,,,,,
193.122.119.93,,,,,,,,
146.56.36.63,,,,,,,,
158.247.205.101,,,,,,,,
158.247.214.14,,,,,,,,
43.131.235.132,,,,,,,,
210.87.195.235,,,,,,,,
210.87.195.63,,,,,,,,
152.69.224.112,,,,,,,,
129.154.56.251,,,,,,,,
144.24.87.34,,,,,,,,
210.87.195.17,,,,,,,,
146.56.172.165,,,,,,,,
146.56.182.59,,,,,,,,
158.180.85.29,,,,,,,,
4.217.234.170,,,,,,,,
132.145.84.251,,,,,,,,
112.196.222.5,,,,,,,,
132.145.81.22,,,,,,,,
210.87.202.227,,,,,,,,
152.67.220.100,,,,,,,,
4.217.253.108,,,,,,,,
129.154.50.159,,,,,,,,
193.123.253.16,,,,,,,,
43.133.227.105,,,,,,,,
4.230.7.139,,,,,,,,
152.67.221.74,,,,,,,,
152.70.248.19,,,,,,,,
129.154.54.154,,,,,,,,
146.56.186.211,,,,,,,,
129.154.59.99,,,,,,,,
103.133.240.63,,,,,,,,
34.64.126.229,,,,,,,,
129.154.61.107,,,,,,,,
193.122.123.210,,,,,,,,
140.238.24.152,,,,,,,,
15.164.15.71,,,,,,,,
141.164.63.20,,,,,,,,
140.238.29.117,,,,,,,,
146.56.133.6,,,,,,,,
34.64.73.28,,,,,,,,
158.180.67.62,,,,,,,,
210.87.195.44,,,,,,,,
218.147.157.214,,,,,,,,
146.56.181.118,,,,,,,,
146.56.119.123,,,,,,,,
131.186.20.104,,,,,,,,
152.67.214.13,,,,,,,,
146.56.99.245,,,,,,,,
210.87.195.240,,,,,,,,
64.110.83.230,,,,,,,,
146.56.173.182,,,,,,,,
130.162.132.15,,,,,,,,
43.203.245.88,,,,,,,,
158.180.79.198,,,,,,,,
158.247.213.25,,,,,,,,
146.56.41.148,,,,,,,,
64.110.72.143,,,,,,,,
144.24.91.108,,,,,,,,
158.180.81.52,,,,,,,,
146.56.150.113,,,,,,,,
152.67.203.178,,,,,,,,
152.70.95.142,,,,,,,,
64.110.68.3,,,,,,,,
152.67.202.42,,,,,,,,
193.122.108.244,,,,,,,,
45.93.29.47,,,,,,,,
132.226.22.6,,,,,,,,
152.70.247.57,,,,,,,,
158.247.196.59,,,,,,,,
64.110.65.21,,,,,,,,
61.111.244.120,,,,,,,,
152.70.39.86,,,,,,,,
43.133.67.59,,,,,,,,
146.56.183.16,,,,,,,,
158.180.93.118,,,,,,,,
129.154.54.166,,,,,,,,
146.56.47.7,,,,,,,,
152.70.37.75,,,,,,,,
152.69.225.242,,,,,,,,
129.154.192.141,,,,,,,,
64.110.88.142,,,,,,,,
193.122.111.101,,,,,,,,
144.24.95.181,,,,,,,,
210.87.202.203,,,,,,,,
140.238.13.94,,,,,,,,
158.180.95.11,,,,,,,,
193.122.113.242,,,,,,,,
193.123.243.64,,,,,,,,
4.217.185.120,,,,,,,,
146.56.182.66,,,,,,,,
146.56.183.102,,,,,,,,
146.56.149.92,,,,,,,,
146.56.118.60,,,,,,,,
43.203.141.100,,,,,,,,
15.165.151.150,,,,,,,,
193.122.120.153,,,,,,,,
144.24.67.25,,,,,,,,
193.122.127.89,,,,,,,,
131.186.28.144,,,,,,,,
146.56.181.184,,,,,,,,
138.2.121.45,,,,,,,,
64.110.73.140,,,,,,,,
210.87.195.136,,,,,,,,
158.180.70.15,,,,,,,,
158.180.89.108,,,,,,,,
141.164.34.134,,,,,,,,
193.122.122.127,,,,,,,,
152.67.219.2,,,,,,,,
193.123.251.154,,,,,,,,
146.56.152.52,,,,,,,,
152.69.227.122,,,,,,,,
138.2.127.248,,,,,,,,
131.186.22.16,,,,,,,,
103.133.240.91,,,,,,,,
152.70.92.252,,,,,,,,
146.56.42.5,,,,,,,,
132.226.168.61,,,,,,,,
158.180.72.103,,,,,,,,
130.162.150.130,,,,,,,,
152.67.205.62,,,,,,,,
3.39.252.35,,,,,,,,
64.110.73.241,,,,,,,,
27.102.129.136,,,,,,,,
132.226.20.85,,,,,,,,
20.196.95.133,,,,,,,,
141.164.34.99,,,,,,,,
146.56.43.192,,,,,,,,
138.2.122.59,,,,,,,,
144.24.83.22,,,,,,,,
52.231.103.185,,,,,,,,
54.180.243.15,,,,,,,,
146.56.156.132,,,,,,,,
129.154.217.124,,,,,,,,
146.56.112.67,,,,,,,,
64.110.85.79,,,,,,,,
132.226.224.181,,,,,,,,
193.123.226.115,,,,,,,,
64.110.88.176,,,,,,,,
150.230.252.137,,,,,,,,
140.238.19.2,,,,,,,,
152.67.198.104,,,,,,,,
152.70.240.252,,,,,,,,
129.154.59.235,,,,,,,,
144.24.80.97,,,,,,,,
45.93.28.149,,,,,,,,
130.162.137.184,,,,,,,,
152.69.226.134,,,,,,,,
34.22.87.246,,,,,,,,
158.180.89.158,,,,,,,,
144.24.82.122,,,,,,,,
185.214.103.138,,,,,,,,
43.202.49.43,,,,,,,,
130.162.133.132,,,,,,,,
185.249.135.15,,,,,,,,
158.180.92.123,,,,,,,,
146.56.176.167,,,,,,,,
131.186.24.129,,,,,,,,
131.186.17.31,,,,,,,,
193.122.125.65,,,,,,,,
146.56.190.174,,,,,,,,
181.215.154.59,,,,,,,,
144.24.81.139,,,,,,,,
158.180.72.109,,,,,,,,
144.24.66.69,,,,,,,,
193.122.116.131,,,,,,,,
144.24.88.115,,,,,,,,
43.200.3.76,,,,,,,,
193.123.236.90,,,,,,,,
152.67.207.206,,,,,,,,
146.56.154.45,,,,,,,,
152.69.228.83,,,,,,,,
131.186.31.101,,,,,,,,
64.110.65.75,,,,,,,,
152.67.218.219,,,,,,,,
152.67.194.96,,,,,,,,
146.56.152.154,,,,,,,,
202.79.164.155,,,,,,,,
202.79.164.161,,,,,,,,
152.70.235.14,,,,,,,,
152.67.197.242,,,,,,,,
43.155.131.132,,,,,,,,
130.162.129.11,,,,,,,,
152.70.255.187,,,,,,,,
158.180.71.33,,,,,,,,
144.24.84.146,,,,,,,,
138.2.120.248,,,,,,,,
152.69.235.129,,,,,,,,
211.178.56.240,,,,,,,,
144.24.80.42,,,,,,,,
129.154.52.45,,,,,,,,
181.215.148.205,,,,,,,,
146.56.130.172,,,,,,,,
4.230.1.42,,,,,,,,
193.123.241.31,,,,,,,,
64.110.74.245,,,,,,,,
193.123.252.41,,,,,,,,
158.180.90.243,,,,,,,,
146.56.38.158,,,,,,,,
158.180.87.219,,,,,,,,
193.123.229.142,,,,,,,,
8.213.128.75,,,,,,,,
152.69.235.149,,,,,,,,
146.56.134.146,,,,,,,,
144.24.66.176,,,,,,,,
111.223.247.173,,,,,,,,
202.79.161.201,,,,,,,,
202.79.161.51,,,,,,,,
111.223.247.154,,,,,,,,
43.155.135.206,,,,,,,,
129.154.211.26,,,,,,,,
129.154.192.222,,,,,,,,
129.154.195.18,,,,,,,,
132.226.238.35,,,,,,,,
146.56.155.210,,,,,,,,
146.56.42.53,,,,,,,,
43.202.56.190,,,,,,,,
132.226.225.122,,,,,,,,
4.217.250.95,,,,,,,,
146.56.166.197,,,,,,,,
140.238.15.226,,,,,,,,
152.70.246.255,,,,,,,,
144.24.66.167,,,,,,,,
64.110.67.165,,,,,,,,
129.154.55.10,,,,,,,,
3.38.184.173,,,,,,,,
4.217.189.35,,,,,,,,
27.102.114.87,,,,,,,,
52.78.171.243,,,,,,,,
152.70.246.125,,,,,,,,
141.164.62.120,,,,,,,,
3.35.206.209,,,,,,,,
130.162.139.175,,,,,,,,
144.24.80.151,,,,,,,,
146.56.119.58,,,,,,,,
193.122.119.97,,,,,,,,
20.39.193.45,,,,,,,,
193.123.232.146,,,,,,,,
14.39.96.205,,,,,,,,
146.56.187.154,,,,,,,,
129.154.56.59,,,,,,,,
43.131.243.41,,,,,,,,
43.155.141.234,,,,,,,,
150.109.240.110,,,,,,,,
146.56.97.131,,,,,,,,
158.180.68.56,,,,,,,,
158.180.80.207,,,,,,,,
64.110.71.175,,,,,,,,
130.162.137.129,,,,,,,,
193.123.246.234,,,,,,,,
129.154.209.32,,,,,,,,
158.247.196.227,,,,,,,,
144.24.73.2,,,,,,,,
193.122.120.16,,,,,,,,
131.186.22.252,,,,,,,,
152.70.232.163,,,,,,,,
130.162.144.35,,,,,,,,
45.93.28.21,,,,,,,,
181.215.148.155,,,,,,,,
49.128.218.159,,,,,,,,
146.56.144.58,,,,,,,,
132.226.232.162,,,,,,,,
45.93.29.113,,,,,,,,
132.226.23.200,,,,,,,,
140.238.6.233,,,,,,,,
185.214.103.214,,,,,,,,
129.154.211.167,,,,,,,,
221.163.186.56,,,,,,,,
130.162.158.0,,,,,,,,
146.56.134.132,,,,,,,,
152.69.231.44,,,,,,,,
64.110.91.96,,,,,,,,
146.56.132.66,,,,,,,,
129.154.204.104,,,,,,,,
1.255.101.116,,,,,,,,
64.110.82.170,,,,,,,,
64.110.84.152,,,,,,,,
34.64.105.13,,,,,,,,
129.154.52.231,,,,,,,,
64.110.68.190,,,,,,,,
146.56.144.67,,,,,,,,
146.56.157.246,,,,,,,,
152.67.204.69,,,,,,,,
146.56.144.146,,,,,,,,
45.158.169.172,,,,,,,,
203.89.8.107,,,,,,,,
158.247.220.51,,,,,,,,
146.56.148.218,,,,,,,,
158.180.64.69,,,,,,,,
131.186.24.206,,,,,,,,
123.58.201.213,,,,,,,,
158.180.91.157,,,,,,,,
158.180.82.69,,,,,,,,
130.162.129.115,,,,,,,,
144.24.83.175,,,,,,,,
64.110.66.142,,,,,,,,
144.24.92.193,,,,,,,,
43.133.230.46,,,,,,,,
45.141.139.11,,,,,,,,
54.230.61.85,,,,,,,,
129.154.53.1,,,,,,,,
146.56.129.8,,,,,,,,
129.154.55.57,,,,,,,,
130.162.136.77,,,,,,,,
132.226.237.49,,,,,,,,
144.24.80.46,,,,,,,,
144.24.84.10,,,,,,,,
146.56.47.154,,,,,,,,
146.56.145.38,,,,,,,,
147.75.225.95,,,,,,,,
20.41.73.249,,,,,,,,
193.123.225.92,,,,,,,,
158.180.83.254,,,,,,,,
138.2.118.181,,,,,,,,
158.180.75.243,,,,,,,,
49.247.160.184,,,,,,,,
146.56.185.174,,,,,,,,
45.93.31.163,,,,,,,,
34.64.109.105,,,,,,,,
144.24.70.31,,,,,,,,
152.69.233.7,,,,,,,,
158.180.87.235,,,,,,,,
64.110.87.163,,,,,,,,
152.70.88.17,,,,,,,,
129.154.196.190,,,,,,,,
131.186.18.8,,,,,,,,
152.69.227.187,,,,,,,,
146.56.149.212,,,,,,,,
152.67.203.96,,,,,,,,
129.154.63.95,,,,,,,,
64.110.91.27,,,,,,,,
52.78.30.132,,,,,,,,
158.247.243.47,,,,,,,,
152.70.93.196,,,,,,,,
146.56.157.171,,,,,,,,
129.154.205.245,,,,,,,,
52.85.230.121,,,,,,,,
152.67.203.51,,,,,,,,
20.249.216.184,,,,,,,,
138.2.114.77,,,,,,,,
158.180.84.48,,,,,,,,
203.252.23.138,,,,,,,,
132.145.83.115,,,,,,,,
34.64.126.156,,,,,,,,
129.154.204.95,,,,,,,,
210.87.202.114,,,,,,,,
146.56.44.27,,,,,,,,
49.247.158.103,,,,,,,,
152.70.253.134,,,,,,,,
152.69.224.15,,,,,,,,
3.39.233.67,,,,,,,,
38.60.220.166,,,,,,,,
210.87.195.105,,,,,,,,
45.93.31.53,,,,,,,,
43.131.243.27,,,,,,,,
193.123.244.98,,,,,,,,
146.56.36.239,,,,,,,,
210.87.195.253,,,,,,,,
141.164.34.209,,,,,,,,
152.70.90.171,,,,,,,,
140.238.8.113,,,,,,,,
141.164.61.32,,,,,,,,
3.36.60.178,,,,,,,,
34.64.73.79,,,,,,,,
146.56.190.115,,,,,,,,
64.110.80.159,,,,,,,,
34.22.77.135,,,,,,,,
146.56.137.186,,,,,,,,
54.180.88.155,,,,,,,,
132.145.94.222,,,,,,,,
146.56.131.233,,,,,,,,
146.56.180.112,,,,,,,,
64.110.86.38,,,,,,,,
43.203.109.92,,,,,,,,
132.226.19.19,,,,,,,,
144.24.90.13,,,,,,,,
185.214.103.43,,,,,,,,
34.64.42.244,,,,,,,,
34.64.237.224,,,,,,,,
130.162.150.199,,,,,,,,
158.180.70.225,,,,,,,,
3.35.233.195,,,,,,,,
144.24.95.189,,,,,,,,
146.56.149.178,,,,,,,,
3.38.185.175,,,,,,,,
45.94.68.108,,,,,,,,
193.123.229.65,,,,,,,,
146.56.137.71,,,,,,,,
193.122.101.4,,,,,,,,
152.67.192.33,,,,,,,,
185.214.103.86,,,,,,,,
152.67.199.68,,,,,,,,
49.247.155.126,,,,,,,,
43.131.253.21,,,,,,,,
130.162.158.108,,,,,,,,
144.24.67.205,,,,,,,,
132.226.238.120,,,,,,,,
193.123.225.40,,,,,,,,
152.69.232.43,,,,,,,,
140.238.17.215,,,,,,,,
185.249.135.216,,,,,,,,
146.56.180.247,,,,,,,,
129.154.52.247,,,,,,,,
210.87.195.80,,,,,,,,
132.226.20.84,,,,,,,,
131.186.16.7,,,,,,,,
146.56.41.187,,,,,,,,
144.24.91.125,,,,,,,,
158.180.66.248,,,,,,,,
43.155.178.228,,,,,,,,
129.154.48.11,,,,,,,,
129.154.192.233,,,,,,,,
34.64.181.62,,,,,,,,
144.24.80.203,,,,,,,,
152.70.241.32,,,,,,,,
158.247.241.178,,,,,,,,
185.249.135.23,,,,,,,,
210.87.195.167,,,,,,,,
144.24.92.170,,,,,,,,
144.24.74.115,,,,,,,,
152.69.229.50,,,,,,,,
180.230.75.235,,,,,,,,
152.69.234.15,,,,,,,,
152.70.93.226,,,,,,,,
52.78.187.211,,,,,,,,
